codigo,name,description,category,brand,price,stock_quantity,status,images
TP-ARCHER-C86,TP-ARCHER-C86,AC1900 ROUTER WIFI DOBLE BANDA 2.4-5GHZ 6 ANTENAS,NETWORKING,TP-Link,208.71,100,active,TP-ARCHER-C86.webp
TP-EAP110,TP-EAP110,ACCESS POINT 300MBPS 2.4GHZ BUSINESS INTERIOR,NETWORKING,TP-Link,128.32,100,active,TP-EAP110.webp
TP-EAP225-OUTDOOR,TP-EAP225-OUTDOOR,ACCESS POINT 400MBPS 2.4/5 GHZ BUSINESS EXTERIOR,NETWORKING,TP-Link,307.72,100,active,TP-EAP225-OUTDOOR.webp
TP-EAP225,TP-EAP225,ACCESS POINT 400MBPS 2.4/5 GHZ BUSINESS INTERIOR,NETWORKING,TP-Link,303.79,100,active,TP-EAP225.webp
TP-EAP265HD,TP-EAP265HD,ACCESS POINT AC1750 P/TECHO 2.4/5 GHZ BUSINESS INTERIOR,NETWORKING,TP-Link,418.39,100,active,TP-EAP265HD.webp
TP-EAP620-HD,TP-EAP620-HD,ACCESS POINT AX1800 P/TECHO WIFI 6,NETWORKING,TP-Link,536.84,100,active,TP-EAP620-HD.webp
TP-EAP660-HD,TP-EAP660-HD,ACCESS POINT AX3600 P/TECHO WIFI 6,NETWORKING,TP-Link,877.31,100,active,TP-EAP660-HD.webp
TP-EAP773,TP-EAP773,ACCESS POINT OMADA WIFI 7 P/TECHO,NETWORKING,TP-Link,1213.80,100,active,TP-EAP773.webp
TP-EAP610-OUTDOOR,TP-EAP610-OUTDOOR,ACCESS POINT WIFI 6 AX1800  2.4/5 GHZ INT/EXT,NETWORKING,TP-Link,606.90,100,active,TP-EAP610-OUTDOOR.webp
TP-EAP615-WALL,TP-EAP615-WALL,ACCESS POINT WIFI 6 AX1800  P/PARED,NETWORKING,TP-Link,337.19,100,active,TP-EAP615-WALL.webp
TP-EAP610,TP-EAP610,ACCESS POINT WIFI 6 AX1800  P/TECHO,NETWORKING,TP-Link,438.64,100,active,TP-EAP610.webp
TP-EAP650,TP-EAP650,ACCESS POINT WIFI 6 AX3000  2.4/5 GHZ INT,NETWORKING,TP-Link,525.70,100,active,TP-EAP650.webp
TP-EAP650-OUTDOOR,TP-EAP650-OUTDOOR,ACCESS POINT WIFI 6 AX3000  2.4/5 GHZ INT/EXT,NETWORKING,TP-Link,640.99,100,active,TP-EAP650-OUTDOOR.webp
TP-EAP655-WALL,TP-EAP655-WALL,ACCESS POINT WIFI 6 AX3000  P/PARED,NETWORKING,TP-Link,371.22,100,active,TP-EAP655-WALL.webp
HK-DS-MH-BRACKET,HK-DS-MH-BRACKET,ADAPTADOR DE BODYCAM PARA ARNES,CCTV,Hikvision,68.91,100,active,HK-DS-MH-BRACKET.webp
TP-UB500,TP-UB500,ADAPTADOR USB BLUETOOTH PARA MUSICA,NETWORKING,TP-Link,25.92,100,active,TP-UB500.webp
TP-TL-WN725N,TP-TL-WN725N,ADAPTADOR USB INALAMBRICO 150MBPS 2.4GHZ,NETWORKING,TP-Link,24.65,100,active,TP-TL-WN725N.webp
TP-TL-WN823N,TP-TL-WN823N,ADAPTADOR USB INALAMBRICO 300MBPS 2.4GHZ,NETWORKING,TP-Link,34.13,100,active,TP-TL-WN823N.webp
TP-ARCHER-T3U-NANO,TP-ARCHER-T3U-NANO,ADAPTADOR USB NANO WIFI DOBLE BANDA AC1300,NETWORKING,TP-Link,65.13,100,active,TP-ARCHER-T3U-NANO.webp
TP-ARCHER-TX20UH,TP-ARCHER-TX20UH,ADAPTADOR USB WIFI 6 AX1800 DOBLE BANDA,NETWORKING,TP-Link,163.14,100,active,TP-ARCHER-TX20UH.webp
TP-ARCHER-TX20U-PLUS,TP-ARCHER-TX20U-PLUS,ADAPTADOR USB WIFI 6 AX1800 DOBLE BANDA 2.4-5GHZ,NETWORKING,TP-Link,130.27,100,active,TP-ARCHER-TX20U-PLUS.webp
TP-ARCHER-T2UB-NANO,TP-ARCHER-T2UB-NANO,ADAPTADOR USB WIFI BLUETOOTH AC600 2.4-5GHZ,NETWORKING,TP-Link,45.53,100,active,TP-ARCHER-T2UB-NANO.webp
TP-ARCHER-T2U-NANO,TP-ARCHER-T2U-NANO,ADAPTADOR USB WIFI DOBLE BANDA 200MBPS 2.4-5GHZ,NETWORKING,TP-Link,42.35,100,active,TP-ARCHER-T2U-NANO.webp
TP-ARCHER-T2U,TP-ARCHER-T2U,ADAPTADOR USB WIFI DOBLE BANDA 2.4-5GHZ,NETWORKING,TP-Link,48.70,100,active,TP-ARCHER-T2U.webp
TP-ARCHER-T2U-PLUS,TP-ARCHER-T2U-PLUS,ADAPTADOR USB WIFI DOBLE BANDA 2.4-5GHZ ANTENA EXTERNA,NETWORKING,TP-Link,58.83,100,active,TP-ARCHER-T2U-PLUS.webp
TP-ARCHER-T3U-PLUS,TP-ARCHER-T3U-PLUS,ADAPTADOR USB WIFI DOBLE BANDA AC1300,NETWORKING,TP-Link,71.45,100,active,TP-ARCHER-T3U-PLUS.webp
TP-ARCHER-T4U-PLUS,TP-ARCHER-T4U-PLUS,ADAPTADOR USB WIFI DOBLE BANDA AC1300 ANTENA EXTERNA,NETWORKING,TP-Link,97.99,100,active,TP-ARCHER-T4U-PLUS.webp
TP-TL-WN722N,TP-TL-WN722N,ADAPTADOR USB WIFI GRAN POTENCIA 150MBPS 2.4GHZ 1 ANTENA,NETWORKING,TP-Link,39.22,100,active,TP-TL-WN722N.webp
TP-TL-WN822N,TP-TL-WN822N,ADAPTADOR USB WIFI GRAN POTENCIA 300MBPS 2.4GHZ,NETWORKING,TP-Link,49.28,100,active,TP-TL-WN822N.webp
TP-TL-WN8200ND,TP-TL-WN8200ND,ADAPTADOR USB WIFI GRAN POTENCIA 300MBPS 2.4GHZ 2 ANTENA,NETWORKING,TP-Link,68.32,100,active,TP-TL-WN8200ND.webp
HK-DS-KH6000-E1,HK-DS-KH6000-E1,ANEXO INTERIOR SIN PANTALLA PARA VIDEOPORTERO,VIDEO PORTEROS E INTERCOMUNICADORES,Hikvision,102.58,100,active,HK-DS-KH6000-E1.webp
HY-AN0435W09,HY-AN0435W09,ANTENA UHF DE 16CM PARA RADIO 400-470MHZ,RADIOS MOVILES,Hytera,31.27,100,active,HY-AN0435W09.webp
HY-AN0141H08,HY-AN0141H08,ANTENA VHF DE 12CM PARA RADIO 136-147MHZ,RADIOS MOVILES,Hytera,31.27,100,active,HY-AN0141H08.webp
HY-AN0160H13,HY-AN0160H13,ANTENA VHF DE 15CM PARA RADIO 146-174MHZ,RADIOS MOVILES,Hytera,31.27,100,active,HY-AN0160H13.webp
HY-AN0155H08,HY-AN0155H08,ANTENA VHF DE 20CM PARA RADIO 136-174MHZ,RADIOS MOVILES,Hytera,76.85,100,active,HY-AN0155H08.webp
TP-EAP245,TP-EAP245,AP AC1750 P/TECHO 2.4/5 GHZ BUSINESS INTERIOR,NETWORKING,TP-Link,390.88,100,active,TP-EAP245.webp
TP-EAP653,TP-EAP653,AP AX3000 WIFI 6 P/TECHO 2.4/5 GHZ BUSINESS INTERIOR,NETWORKING,TP-Link,472.02,100,active,TP-EAP653.webp
TP-EAP670,TP-EAP670,AP AX5400 WIFI 6 P/TECHO 2.4/5 GHZ BUSINESS INTERIOR,NETWORKING,TP-Link,674.37,100,active,TP-EAP670.webp
HK-DS-3WF0FA-2N/O,HK-DS-3WF0FA-2N/O,AP INALAM EXTERIOR 2.4GHZ 300MBPS 1 KM ANTENA 7DBI 2X2 MIMO 65Â°,NETWORKING,Hikvision,128.79,100,active,HK-DS-3WF0FA-2NO.webp
ZK-D3180,ZK-D3180,ARCO DETECTOR DE METALES (2),CONTROL ACCESO Y ASISTENCIA,ZKTeco,3704.69,100,active,ZK-D3180.webp
HK-DS-MH1711-HM,HK-DS-MH1711-HM,ARNES PARA BODYCAM (2),CCTV,Hikvision,169.59,100,active,HK-DS-MH1711-HM.webp
HY-EHM15-A,HY-EHM15-A,AURICULAR CON MICROFONO MANOS LIBRES,RADIOS MOVILES,Hytera,71.55,100,active,HY-EHM15-A.webp
HY-EHN37-P,HY-EHN37-P,AURICULAR CON MICROFONO MANOS LIBRES (2),RADIOS MOVILES,Hytera,66.25,100,active,HY-EHN37-P.webp
HY-SM50N1-P,HY-SM50N1-P,AURICULAR CON MICROFONO P/AP516,RADIOS MOVILES,Hytera,143.09,100,active,HY-SM50N1-P.webp
HY-EAS07,HY-EAS07,AURICULAR CON MICROFONO P/PNC360S/380,RADIOS MOVILES,Hytera,76.31,100,active,HY-EAS07.webp
HY-EAN22,HY-EAN22,AURICULAR CON PTT,RADIOS MOVILES,Hytera,205.11,100,active,HY-EAN22.webp
HY-EAN23,HY-EAN23,AURICULAR CON TUBO ACUSTICO,RADIOS MOVILES,Hytera,156.34,100,active,HY-EAN23.webp
HK-DS-PA201PS-KIT-16WB,HK-DS-PA201PS-KIT-16WB,AX HOME KIT ALARMA 4G 16 ZONAS. INC: PANEL PIR MAGN Y PULSADOR,ALARMA ROBOS,Hikvision,589.35,100,active,HK-DS-PA201PS-KIT-16WB.webp
HK-DS-PA201P-KIT-16WB,HK-DS-PA201P-KIT-16WB,AX HOME KIT ALARMA WIFI 16 ZONAS. INC: PANEL PIR MAGN Y PULSADOR,ALARMA ROBOS,Hikvision,356.03,100,active,HK-DS-PA201P-KIT-16WB.webp
HK-DS-PD201MC-WB,HK-DS-PD201MC-WB,AX HOME MAGNETICO INALAMBRICO,ALARMA ROBOS,Hikvision,55.66,100,active,HK-DS-PD201MC-WB.webp
HK-DS-PC201N,HK-DS-PC201N,AX HOME MODULO LAN PARA PANELES DS-PA201-KIT,ALARMA ROBOS,Hikvision,24.38,100,active,HK-DS-PC201N.webp
HK-DS-PD201P10-WB,HK-DS-PD201P10-WB,AX HOME PIR INALAMBRICO,ALARMA ROBOS,Hikvision,76.85,100,active,HK-DS-PD201P10-WB.webp
HK-DS-PKF201-WB,HK-DS-PKF201-WB,AX HOME PULSADOR INALAMBRICO DE ARMADO Y DESARMADO,ALARMA ROBOS,Hikvision,45.85,100,active,HK-DS-PKF201-WB.webp
HK-DS-PS201-WB,HK-DS-PS201-WB,AX HOME SIRENA INALAMBRICA PARA INTERIOR,ALARMA ROBOS,Hikvision,98.20,100,active,HK-DS-PS201-WB.webp
HK-DS-PK201B-WB,HK-DS-PK201B-WB,AX HOME TECLADO INALAMBRICO,ALARMA ROBOS,Hikvision,104.73,100,active,HK-DS-PK201B-WB.webp
HK-DS-PHA64-KIT,HK-DS-PHA64-KIT,AX HYBRID PRO KIT DE ALARMA HIBRIDA 8Z CON DISPOSITIVOS CABLEADOS,ALARMA ROBOS,Hikvision,504.56,100,active,HK-DS-PHA64-KIT.webp
HK-DS-PM2-S,HK-DS-PM2-S,AX HYBRID PRO MODULO COMUNICACION 3G/4G PARA PANEL PHA64,ALARMA ROBOS,Hikvision,278.25,100,active,HK-DS-PM2-S.webp
HK-DS-PM2-G,HK-DS-PM2-G,AX HYBRID PRO MODULO COMUNICACION GPRS PARA PANEL PHA64,ALARMA ROBOS,Hikvision,92.27,100,active,HK-DS-PM2-G.webp
HK-DS-PM1-I802-H,HK-DS-PM1-I802-H,AX HYBRID PRO MODULO EXPANSOR DE 8 ZONAS CABLEADAS,ALARMA ROBOS,Hikvision,108.66,100,active,HK-DS-PM1-I802-H.webp
HK-DS-PK1-LRT-HWB,HK-DS-PK1-LRT-HWB,AX HYBRID PRO TECLADO LCD PARA PANEL DE ALARMA DS-PHA64,ALARMA ROBOS,Hikvision,206.70,100,active,HK-DS-PK1-LRT-HWB.webp
HK-DS-PM1-O1H-WB,HK-DS-PM1-O1H-WB,AX PRO COMUNICADOR DE 2 VIAS INALAMBRICO,CCTV,Hikvision,105.48,100,active,HK-DS-PM1-O1H-WB.webp
HK-DS-PM-WI1,HK-DS-PM-WI1,AX PRO EXPANSOR DE SEÃ‘AL INALAMBRICA 1 CANAL,ALARMA ROBOS,Hikvision,67.00,100,active,HK-DS-PM-WI1.webp
HK-DS-PWA48-KIT-WB(LA),HK-DS-PWA48-KIT-WB(LA),AX PRO KIT ALARMA 3G/4G 48 ZONAS. INCLUYE PANEL PIR MAGN Y PULSADOR,ALARMA ROBOS,Hikvision,681.91,100,active,HK-DS-PWA48-KIT-WB(LA).webp
HK-DS-PWA48-KIT-WB,HK-DS-PWA48-KIT-WB,AX PRO KIT ALARMA WIFI 48 ZONAS. INCLUYE PANEL PIR MAGN Y PULSADOR,ALARMA ROBOS,Hikvision,446.45,100,active,HK-DS-PWA48-KIT-WB.webp
HK-DS-PDMC-EG2-WB,HK-DS-PDMC-EG2-WB,AX PRO MAGNETICO INALAMBRICO,ALARMA ROBOS,Hikvision,74.09,100,active,HK-DS-PDMC-EG2-WB.webp
HK-DS-PM1-O1L-WB,HK-DS-PM1-O1L-WB,AX PRO MODULO DE RELEE,ALARMA ROBOS,Hikvision,90.10,100,active,HK-DS-PM1-O1L-WB.webp
HK-DS-PM1-RT-HWB,HK-DS-PM1-RT-HWB,AX PRO MODULO EXPANSOR DE 32 ZONAS INALAMBRICAS,ALARMA ROBOS,Hikvision,154.76,100,active,HK-DS-PM1-RT-HWB.webp
HK-DS-PDP15P-EG2-WB,HK-DS-PDP15P-EG2-WB,AX PRO PIR INALAMBRICO,ALARMA ROBOS,Hikvision,103.35,100,active,HK-DS-PDP15P-EG2-WB.webp
HK-DS-PDPC12P-EG2-WB,HK-DS-PDPC12P-EG2-WB,AX PRO PIR INALAMBRICO CON CAMARA,ALARMA ROBOS,Hikvision,293.62,100,active,HK-DS-PDPC12P-EG2-WB.webp
HK-DS-PDTT15AM-LM-WB,HK-DS-PDTT15AM-LM-WB,AX PRO PIR INALAMBRICO MICROONDAS,ALARMA ROBOS,Hikvision,508.79,100,active,HK-DS-PDTT15AM-LM-WB.webp
HK-DS-PDEB1-EG2-WB,HK-DS-PDEB1-EG2-WB,AX PRO PULSADOR DE EMERGENCIA INALAMBRICO,ALARMA ROBOS,Hikvision,57.25,100,active,HK-DS-PDEB1-EG2-WB.webp
HK-DS-PDEBP1-EG2-WB,HK-DS-PDEBP1-EG2-WB,AX PRO PULSADOR DE EMERGENCIA PORTATIL INALAMBRICO,ALARMA ROBOS,Hikvision,58.52,100,active,HK-DS-PDEBP1-EG2-WB.webp
HK-DS-PKF1-WB,HK-DS-PKF1-WB,AX-PRO PULSADOR INALAMBRICO DE ARMADO Y DESARMADO,ALARMA ROBOS,Hikvision,66.25,100,active,HK-DS-PKF1-WB.webp
HK-DS-PR1-WB,HK-DS-PR1-WB,AX PRO REPETIDOR INALAMBRICO DE 2 VIAS,ALARMA ROBOS,Hikvision,247.02,100,active,HK-DS-PR1-WB.webp
HK-DS-PS1-E-WB,HK-DS-PS1-E-WB,AX PRO SIRENA INALAMBRICA EXTERIOR,ALARMA ROBOS,Hikvision,233.20,100,active,HK-DS-PS1-E-WB.webp
HK-DS-PS1-I-WB,HK-DS-PS1-I-WB,AX PRO SIRENA INALAMBRICA INTERIOR,ALARMA ROBOS,Hikvision,140.46,100,active,HK-DS-PS1-I-WB.webp
HK-DS-PK1-E-WB,HK-DS-PK1-E-WB,AX PRO TECLADO LED INALAMBRICO,ALARMA ROBOS,Hikvision,174.91,100,active,HK-DS-PK1-E-WB.webp
CS-BM1-R100-2D2WF-BE,CS-BM1-R100-2D2WF-BE,BABYCAM IP CON BATERIA WIFI 2.4 INTERIOR - CELESTE,CCTV,EZVIZ,371.17,100,active,CS-BM1-R100-2D2WF-BE.webp
CS-BM1-R100-2D2WF-RA,CS-BM1-R100-2D2WF-RA,BABYCAM IP CON BATERIA WIFI 2.4 INTERIOR - ROSADA,CCTV,EZVIZ,371.17,100,active,CS-BM1-R100-2D2WF-RA.webp
ST-TRAY,ST-TRAY,"BANDEJA METALICA PARA GABINETE DE PARED 19"" 600 X 600""""""",NETWORKING,Western Digital,29.16,100,active,ST-TRAY.webp
ST-BANDEJA1000,ST-BANDEJA1000,BANDEJA METALICA PARA GABINETES 600X1000,NETWORKING,Western Digital,88.14,100,active,ST-BANDEJA1000.webp
ST-BANDEJA800,ST-BANDEJA800,BANDEJA METALICA PARA GABINETES 600X800,NETWORKING,Western Digital,71.70,100,active,ST-BANDEJA800.webp
HK-DS-K3G200LX-R/DM55,HK-DS-K3G200LX-R/DM55,BARRERA PEATONAL BIDIREC|ACERO INOX SUS304|25 PERS X MIN|INTEGRABLE CON SISTEMA,CONTROL ACCESO Y ASISTENCIA,Hikvision,2003.41,100,active,HK-DS-K3G200LX-RDM55.webp
ZK-TS2022 PRO,ZK-TS2022 PRO,BARRERA TIPO TORNIQUETE CON LECTORAS Y CONTROLADOR,CONTROL ACCESO Y ASISTENCIA,ZKTeco,4867.88,100,active,ZK-TS2022 PRO.webp
ZK-TS2000PRO,ZK-TS2000PRO,BARRERA TIPO TORNIQUETE  SIMPLE,CONTROL ACCESO Y ASISTENCIA,ZKTeco,3101.56,100,active,ZK-TS2000PRO.webp
ZK-BG1030R,ZK-BG1030R,BARRERA VEHICULAR DERECHA BRAZO 3M,CONTROL ACCESO Y ASISTENCIA,ZKTeco,1908.00,100,active,ZK-BG1030R.webp
HK-DS-TMG300-DR,HK-DS-TMG300-DR,BARRERA VEHICULAR DERECHA DE BARRA RECTA CON LED,CCTV,Hikvision,2082.91,100,active,HK-DS-TMG300-DR.webp
ZK-BG1030L,ZK-BG1030L,BARRERA VEHICULAR IZQUIERDA BRAZO 3M,CCTV,ZKTeco,1908.00,100,active,ZK-BG1030L.webp
HK-DS-TMG300-DL,HK-DS-TMG300-DL,BARRERA VEHICULAR IZQUIERDA DE BARRA RECTA CON LED,CCTV,Hikvision,2082.91,100,active,HK-DS-TMG300-DL.webp
ZK-CMP200R,ZK-CMP200R,BARRERA VEHICULAR LADO DERECHO BRAZO TELESCOPICO 4.5M,CONTROL ACCESO Y ASISTENCIA,ZKTeco,1457.49,100,active,ZK-CMP200R.webp
ZK-CMP200L,ZK-CMP200L,BARRERA VEHICULAR LADO IZQUIERDO BRAZO TELESCOPICO 4.5M,CONTROL ACCESO Y ASISTENCIA,ZKTeco,1457.49,100,active,ZK-CMP200L.webp
HY-BP3501,HY-BP3501,BATERIA DE POLIMERO DE LITIO PARA VM7// SERIE: 23N2602128,RADIOS MOVILES,Hytera,0.00,100,active,HY-BP3501.webp
HY-BL1719,HY-BL1719,BATERIA REPUESTO PARA RADIOS 1650mAMP P/TC-508,RADIOS MOVILES,Hytera,166.96,100,active,HY-BL1719.webp
HY-BL1715,HY-BL1715,BATERIA REPUESTO PARA RADIOS 1700mAMP P/TC-320,RADIOS MOVILES,Hytera,76.85,100,active,HY-BL1715.webp
HY-BL1507,HY-BL1507,BATERIA REPUESTO PARA RADIOS BANDA LIBRE DE 1500mAMP,RADIOS MOVILES,Hytera,106.00,100,active,HY-BL1507.webp
HY-BL1506,HY-BL1506,BATERIA REPUESTO PARA RADIOS DE 1500mAMP P/BD506 Y BD616,RADIOS MOVILES,Hytera,111.30,100,active,HY-BL1506.webp
HY-BP4010,HY-BP4010,BATERIA REPUESTO PARA RADIOS DE 4000mAMP P/AP516,RADIOS MOVILES,Hytera,111.30,100,active,HY-BP4010.webp
HY-BP4008,HY-BP4008,BATERIA REPUESTO PARA RADIOS DE 4000mAMP P/PNC360S/380,RADIOS MOVILES,Hytera,83.74,100,active,HY-BP4008.webp
FZ-FUB-1270,FZ-FUB-1270,BATERIA SELLADA 12V / 7AMP (2),ALARMA ROBOS,Forza,86.13,100,active,FZ-FUB-1270.webp
FZ-FUB-1290,FZ-FUB-1290,BATERIA SELLADA 12V / 9AMP PARA UPS,ALARMA ROBOS,Forza,116.60,100,active,FZ-FUB-1290.webp
NEW-3584660,NEW-3584660,BOLSA 100 CONECTORES RJ45 PARA UTP CAT6,NETWORKING,NEWLINK,100.71,100,active,NEW-3584660.webp
NEW-3584699,NEW-3584699,BOLSA 100 CONECTORES RJ45 PARA UTP CAT6 (2),NETWORKING,NEWLINK,90.10,100,active,NEW-3584699.webp
NEW-15100BL,NEW-15100BL,BOLSA DE 100 CUBIERTAS PLASTICAS PARA RJ45 CAT5 Y CAT6,NETWORKING,NEWLINK,31.64,100,active,NEW-15100BL.webp
HK-DS-PD1-EB,HK-DS-PD1-EB,BOTON DE PANICO CABLEADO,ALARMA ROBOS,Hikvision,6.47,100,active,HK-DS-PD1-EB.webp
ZK-EX800A,ZK-EX800A,BOTON DE SALIDA METALICO,CONTROL ACCESO Y ASISTENCIA,ZKTeco,29.16,100,active,ZK-EX800A.webp
ZK-K1-1,ZK-K1-1,BOTON DE SALIDA METALICO (2),CONTROL ACCESO Y ASISTENCIA,ZKTeco,60.95,100,active,ZK-K1-1.webp
ZK-TLEB102-R,ZK-TLEB102-R,BOTON DE SALIDA SIN CONTACTO CON CONTROL REMOTO,CONTROL ACCESO Y ASISTENCIA,ZKTeco,95.41,100,active,ZK-TLEB102-R.webp
CS-T3C,CS-T3C,BOTON INALAMBRICO EMERGENCIA ARMADO/DESARMADO,ALARMA ROBOS,EZVIZ,51.95,100,active,CS-T3C.webp
HK-DS-3WF02-5AC/O,HK-DS-3WF02-5AC/O,BRIDGE INALAM EXTERIOR 5GHZ 867MBPS 1-5 KM,NETWORKING,Hikvision,378.43,100,active,HK-DS-3WF02-5ACO.webp
HK-DS-3WF0EC-2NT,HK-DS-3WF0EC-2NT,BRIDGE INALAM P/ASCENSORES 2.4GHZ 300MBPS 500M,NETWORKING,Hikvision,184.97,100,active,HK-DS-3WF0EC-2NT.webp
HK-DS2CE10DF0T-LPFS,HK-DS2CE10DF0T-LPFS,BULLET 2MP COLORVU SMART HYBRID LIGHT IR20M 2.8MM C/AUDIO,CCTV,Hikvision,100.12,100,active,HK-DS2CE10DF0T-LPFS.webp
HK-DS2CE12DF0T-LFS,HK-DS2CE12DF0T-LFS,BULLET 2MP COLORVU SMART HYBRID LIGHT IR40M 2.8MM C/AUDIO,CCTV,Hikvision,133.72,100,active,HK-DS2CE12DF0T-LFS.webp
HK-DS2CE16D0T-LPFS,HK-DS2CE16D0T-LPFS,BULLET 2MP SMART HYBRID LIGHT IR25M 2.8MM C/AUDIO,CCTV,Hikvision,84.80,100,active,HK-DS2CE16D0T-LPFS.webp
HK-DS2CE18D0T-LFS,HK-DS2CE18D0T-LFS,BULLET 2MP SMART HYBRID LIGHT IR 60M 28MM C/AUDIO,CCTV,Hikvision,144.05,100,active,HK-DS2CE18D0T-LFS.webp
HK-DS2CE16K0T-LPFS,HK-DS2CE16K0T-LPFS,BULLET 5MP 3K SMART HYBRID LIGHT IR 25M 2.8MM C/AUDIO,CCTV,Hikvision,117.66,100,active,HK-DS2CE16K0T-LPFS.webp
HK-DS2CE18K0T-LFS,HK-DS2CE18K0T-LFS,BULLET 5MP 3K SMART HYBRID LIGHT IR 60M 28MM C/AUDIO,CCTV,Hikvision,163.66,100,active,HK-DS2CE18K0T-LFS.webp
HK-DS2CE10KF0T-LFS,HK-DS2CE10KF0T-LFS,BULLET 5MP COLORVU SMART HYBRID LIGHT IR20M 2.8MM C/AUDIO,CCTV,Hikvision,137.48,100,active,HK-DS2CE10KF0T-LFS.webp
HK-DS2CE12KF3TP,HK-DS2CE12KF3TP,BULLET DOBLE LENTE 180Â° 3K COLORVU,CCTV,Hikvision,402.80,100,active,HK-DS2CE12KF3TP.webp
HK-DS2CE19D0T-VFIT3F,HK-DS2CE19D0T-VFIT3F,BULLET EXTERIOR 1080P IR 40M 2.8-12MM,CCTV,Hikvision,150.49,100,active,HK-DS2CE19D0T-VFIT3F.webp
HK-DS2CE19H0T-AIT3ZF,HK-DS2CE19H0T-AIT3ZF,BULLET EXTERIOR 5MP IR 40M 2.8-12MM,CCTV,Hikvision,229.77,100,active,HK-DS2CE19H0T-AIT3ZF.webp
HK-DS2CE16U0T-LPF,HK-DS2CE16U0T-LPF,BULLET EXTERIOR 8MP LENTE 2.8MM IR30M (2),CCTV,Hikvision,144.05,100,active,HK-DS2CE16U0T-LPF.webp
HK-DS2CD1023G2-LIU,HK-DS2CD1023G2-LIU,BULLET IP 2MP SMART HYBRID LIGHT 2.8MM CON IR Y AUDIO,CCTV,Hikvision,172.26,100,active,HK-DS2CD1023G2-LIU.webp
HK-DS2CD2643G2-LIZS2U/SRB,HK-DS2CD2643G2-LIZS2U/SRB,BULLET IP 4MP ACUSENSE SMART HYBRID LIGHT 2.8-12MM IR40M C/AUDIO C/STROBE Y SIRENA,CCTV,Hikvision,794.99,100,active,HK-DS2CD2643G2-LIZS2USRB.webp
HK-DS2CD2043G2-LI2U/SRB,HK-DS2CD2043G2-LI2U/SRB,BULLET IP 4MP ACUSENSE SMART HYBRID LIGHT 2.8MM IR40M C/AUDIO,CCTV,Hikvision,449.97,100,active,HK-DS2CD2043G2-LI2USRB.webp
HK-DS2CD2683G2-LIZS2U,HK-DS2CD2683G2-LIZS2U,BULLET IP 8MP ACUSENSE SMART HYBRID LIGHT LENTE MOTORIZADO 2.8-12MM,CCTV,Hikvision,943.82,100,active,HK-DS2CD2683G2-LIZS2U.webp
HK-DS2CD1T67G2HP-LIUF/SRB,HK-DS2CD1T67G2HP-LIUF/SRB,BULLET IP DOBLE LENTE 180Â° 6MP 2.8MM SMART HYBRID LIGHT IR30M,CCTV,Hikvision,545.90,100,active,HK-DS2CD1T67G2HP-LIUFSRB.webp
HY-PC155,HY-PC155,CABLE DE PROGRAMACION DE RADIOS BANDA LIBRE,RADIOS MOVILES,Hytera,104.41,100,active,HY-PC155.webp
HY-PC76,HY-PC76,CABLE DE PROGRAMACION DE RADIOS UHF Y VHF,RADIOS MOVILES,Hytera,115.01,100,active,HY-PC76.webp
ZK-10HD-C,ZK-10HD-C,CABLE HDMI DE 10 METROS,NETWORKING,ZKTeco,36.57,100,active,ZK-10HD-C.webp
ZK-15HD-C,ZK-15HD-C,CABLE HDMI DE 15M,NETWORKING,ZKTeco,47.70,100,active,ZK-15HD-C.webp
ZK-1.5HD-C,ZK-1.5HD-C,CABLE HDMI DE 1.5M,NETWORKING,ZKTeco,6.90,100,active,ZK-1.5HD-C.webp
ZK-30HD-C,ZK-30HD-C,CABLE HDMI DE 3M,NETWORKING,ZKTeco,10.07,100,active,ZK-30HD-C.webp
NEW-9805361,NEW-9805361,CABLE UTP CAT5E EXTERIOR CMX 4 PARES 24AWG NEGRO â€“ 305M UL,NETWORKING,NEWLINK,467.28,100,active,NEW-9805361.webp
NEW-9805741,NEW-9805741,CABLE UTP CAT5E INTERIOR CM 4 PARES 24AWG GRIS â€“ 305M UL,NETWORKING,NEWLINK,440.73,100,active,NEW-9805741.webp
NEW-9806361,NEW-9806361,CABLE UTP CAT6 EXTERIOR 4 PARES 23AWG NEGRO â€“ 305M UL,NETWORKING,NEWLINK,626.57,100,active,NEW-9806361.webp
NEW-9806742,NEW-9806742,CABLE UTP CAT6 INTERIOR 4 PARES 23AWG AZUL â€“ 305M UL,NETWORKING,NEWLINK,621.26,100,active,NEW-9806742.webp
HK-DS-K1T320EFWX-B,HK-DS-K1T320EFWX-B,C. ACCESO ASISTENCIA WIFI C/BATERIA|500 ROSTROS|1000 TARJETAS EM|1000 HUELLAS,CONTROL ACCESO Y ASISTENCIA,Hikvision,291.50,100,active,HK-DS-K1T320EFWX-B.webp
ZK-WD-010,ZK-WD-010,CAJA DE PVC 100X100X70MM,CCTV,ZKTeco,5.30,100,active,ZK-WD-010.webp
ZK-WD-003,ZK-WD-003,CAJA DE PVC 120X100X50MM,CCTV,ZKTeco,4.24,100,active,ZK-WD-003.webp
ZK-WD-015,ZK-WD-015,CAJA DE PVC 150X150X70MM,CCTV,ZKTeco,7.95,100,active,ZK-WD-015.webp
HK-DS2CD2423G2-IW,HK-DS2CD2423G2-IW,CAMARA CUBO WIFI 2MP C/LENTE 2.8MM INTERIOR,CCTV,Hikvision,118.19,100,active,HK-DS2CD2423G2-IW.webp
HK-DS2CD2443G2-IW,HK-DS2CD2443G2-IW,CAMARA CUBO WIFI 4MP C/LENTE 2.8MM INTERIOR,CCTV,Hikvision,147.33,100,active,HK-DS2CD2443G2-IW.webp
HK-DS-MH2311/32G/GLE,HK-DS-MH2311/32G/GLE,CAMARA DE CUERPO 4G,CCTV,Hikvision,4187.00,100,active,HK-DS-MH231132GGLE.webp
HK-DS-2TP21B-6AVF/W,HK-DS-2TP21B-6AVF/W,CAMARA DE MANO TERMICO BI-SPECTRUM,CCTV,Hikvision,5304.68,100,active,HK-DS-2TP21B-6AVFW.webp
HK-DS2CD2347G2P-LSU/SL,HK-DS2CD2347G2P-LSU/SL,CAMARA IP COLORVU TURRET PANORAMICA 4MP CON STROBE Y ALARMA AUDIBLE,CCTV,Hikvision,731.29,100,active,HK-DS2CD2347G2P-LSUSL.webp
HK-DS2CD6825G0/C-IVS,HK-DS2CD6825G0/C-IVS,CAMARA IP CONTEO DE PERSONAS DE 2 LENTES 2MM,CCTV,Hikvision,3079.29,100,active,HK-DS2CD6825G0C-IVS.webp
HK-DS2CV2Q21FD-IW,HK-DS2CV2Q21FD-IW,CAMARA IP MINI PT IR 2MP WIFI,CCTV,Hikvision,90.27,100,active,HK-DS2CV2Q21FD-IW.webp
HK-DS-2XM6222GI-IM/ND,HK-DS-2XM6222GI-IM/ND,CAMARA IP MOVIL TIPO BALA 2MP,CCTV,Hikvision,614.80,100,active,HK-DS-2XM6222GI-IMND.webp
HK-DS-2XM6222G1-ID,HK-DS-2XM6222G1-ID,CAMARA IP MOVIL TIPO BALA 2MP (3),CCTV,Hikvision,757.91,100,active,HK-DS-2XM6222G1-ID.webp
HK-DS2DE7A232IW-AEB(T5),HK-DS2DE7A232IW-AEB(T5),CAMARA IP PTZ 2MP 32X IR HASTA 200 METRO,CCTV,Hikvision,2544.00,100,active,HK-DS2DE7A232IW-AEB(T5).webp
CS-H6C-R105-1J4WF,CS-H6C-R105-1J4WF,CAMARA IP PTZ 4MP. LENTE 4MM (2),CCTV,EZVIZ,140.71,100,active,CS-H6C-R105-1J4WF.webp
CS-H6C-R105-1J5WF,CS-H6C-R105-1J5WF,CAMARA IP PTZ 5MP. LENTE 4MM,CCTV,EZVIZ,172.78,100,active,CS-H6C-R105-1J5WF.webp
HK-AE-VC21SI-ISF,HK-AE-VC21SI-ISF,CAMARA MOVIL DOMO 2MP,CCTV,Hikvision,450.50,100,active,HK-AE-VC21SI-ISF.webp
HK-DS2CD6365G0-IVS,HK-DS2CD6365G0-IVS,CAMARA OJO DE PEZ IP 6MP C/HEAT MAP. LENTE 1.27MM EXTERIOR,CCTV,Hikvision,1976.37,100,active,HK-DS2CD6365G0-IVS.webp
HK-AE-DC5313-C6,HK-AE-DC5313-C6,CAMARA PARA AUTOMOVIL,CCTV,Hikvision,403.22,100,active,HK-AE-DC5313-C6.webp
HK-AE-DC2018-K2,HK-AE-DC2018-K2,CAMARA P/AUTOMOVIL,CCTV,Hikvision,166.36,100,active,HK-AE-DC2018-K2.webp
HK-DS2AE7232TI-A,HK-DS2AE7232TI-A,"CAMARA PTZ 7"" 1080P 32X IR 120M""""""",CCTV,Hikvision,1964.97,100,active,HK-DS2AE7232TI-A.webp
HK-DS2CD2423G0-IW,HK-DS2CD2423G0-IW,CAMARA TIPO CUBO IR 2MP C/LENTE 2.8MM,CCTV,Hikvision,159.30,100,active,HK-DS2CD2423G0-IW.webp
HK-DS2CD2T47G2P-LSU/SL,HK-DS2CD2T47G2P-LSU/SL,CAMARA TUBO IP 4MP EXTERIOR PANORAMICA C/AUDIO Y ALARMA,CCTV,Hikvision,736.18,100,active,HK-DS2CD2T47G2P-LSUSL.webp
HK-DS-KV8213-WME1,HK-DS-KV8213-WME1,CAMARA VIDEO PORTERO 2 BOTONES,VIDEO PORTEROS E INTERCOMUNICADORES,Hikvision,518.76,100,active,HK-DS-KV8213-WME1.webp
HK-DS-KD8003-IME1,HK-DS-KD8003-IME1,CAMARA VIDEO PORTERO 2MP C/1 BOTON OJO DE PEZ,VIDEO PORTEROS E INTERCOMUNICADORES,Hikvision,344.50,100,active,HK-DS-KD8003-IME1.webp
HK-DS-KV8413-WME1,HK-DS-KV8413-WME1,CAMARA VIDEO PORTERO 4 BOTONES,VIDEO PORTEROS E INTERCOMUNICADORES,Hikvision,543.25,100,active,HK-DS-KV8413-WME1.webp
CS-CB2-R100-2D2WF,CS-CB2-R100-2D2WF,CAM IP 2MP INT C/BATERIA WIFI,CCTV,EZVIZ,241.69,100,active,CS-CB2-R100-2D2WF.webp
CS-CB2-R105-1K3F4GA-BK,CS-CB2-R105-1K3F4GA-BK,CAM IP 2MP INT C/BATERIA WIFI 4G 2000mAh,CCTV,EZVIZ,287.25,100,active,CS-CB2-R105-1K3F4GA-BK.webp
CS-CB1,CS-CB1,CAM IP 2MP INTERIOR C/BATERIA 1600MAH WIFI. LENTE 2.8MM,CCTV,EZVIZ,180.54,100,active,CS-CB1.webp
CS-EB3-R200-1K3FL4GA,CS-EB3-R200-1K3FL4GA,CAM IP 3MP CON BATERIA 5200mAh 4G,CCTV,EZVIZ,447.85,100,active,CS-EB3-R200-1K3FL4GA.webp
CS-H4-R201-1H3WKFL,CS-H4-R201-1H3WKFL,CAM IP DOMO EXT 3MP 2K WIFI 2.4GHZ LENTE 2.8MM,CCTV,EZVIZ,196.09,100,active,CS-H4-R201-1H3WKFL.webp
CS-H3C-R100-1K2WFL,CS-H3C-R100-1K2WFL,CAM IP EXT 2MP WIFI 2.4GHZ LENTE 2.8MM,CCTV,EZVIZ,148.67,100,active,CS-H3C-R100-1K2WFL.webp
CS-H3-R100-1H3WKFL,CS-H3-R100-1H3WKFL,CAM IP EXT 3MP 2K WIFI 2.4GHZ LENTE 2.8MM,CCTV,EZVIZ,205.11,100,active,CS-H3-R100-1H3WKFL.webp
CS-H3C-R100-1K3WKFL,CS-H3C-R100-1K3WKFL,CAM IP EXT 3MP WIFI 2.4GHZ LENTE 2.8MM,CCTV,EZVIZ,175.23,100,active,CS-H3C-R100-1K3WKFL.webp
CS-H3-R100-1J5WKFL,CS-H3-R100-1J5WKFL,CAM IP EXT 5MP WIFI 2.4GHZ LENTE 2.8MM,CCTV,EZVIZ,276.12,100,active,CS-H3-R100-1J5WKFL.webp
CS-H3C-R100-1J5WKFL,CS-H3C-R100-1J5WKFL,CAM IP EXT 5MP WIFI LENTE 2.8MM,CCTV,EZVIZ,238.95,100,active,CS-H3C-R100-1J5WKFL.webp
CS-H1C,CS-H1C,CAM IP INT 1080P WIFI 2.4GHZ. LENTE FIJO 2.8MM,CCTV,EZVIZ,103.54,100,active,CS-H1C.webp
CS-C60P-R100-8H33WF,CS-C60P-R100-8H33WF,CAM IP PT 2K 3MP INTERIOR DUAL BAND WIFI6,CCTV,EZVIZ,233.20,100,active,CS-C60P-R100-8H33WF.webp
CS-CB8-3MP,CS-CB8-3MP,CAM IP PT 3MP CON BATERIA WIFI,CCTV,EZVIZ,593.59,100,active,CS-CB8-3MP.webp
CS-CB8-R105(3MP)/SP,CS-CB8-R105(3MP)/SP,CAM IP PT 3MP CON BATERIA WIFI Y PANEL SOLAR,CCTV,EZVIZ,634.95,100,active,CS-CB8-R105(3MP)SP.webp
CS-H80F-R100-8G444WKFL,CS-H80F-R100-8G444WKFL,CAM IP PT DE 3 LENTES PARA EXTERIOR 4MP/2.8MM + 4MP/6MM + 4MP/12MM,CCTV,EZVIZ,397.50,100,active,CS-H80F-R100-8G444WKFL.webp
CS-H80X-R100-8G82WKFL,CS-H80X-R100-8G82WKFL,CAM IP PT DUAL 4K + 2MP EXT LENTE 4MM,CCTV,EZVIZ,350.32,100,active,CS-H80X-R100-8G82WKFL.webp
CS-H8C-R100-1K2WKFL,CS-H8C-R100-1K2WKFL,CAM IP PT EXT 2MP WIFI 2.4GHZ LENTE 4MM,CCTV,EZVIZ,146.02,100,active,CS-H8C-R100-1K2WKFL.webp
CS-H8C-R100-1J4WKFL,CS-H8C-R100-1J4WKFL,CAM IP PT EXT 4MP WIFI 2.4GHZ LENTE 4MM,CCTV,EZVIZ,223.67,100,active,CS-H8C-R100-1J4WKFL.webp
CS-H8C-R200-1J4WKFL,CS-H8C-R200-1J4WKFL,CAM IP PT EXT 4MP WIFI 2.4GHZ LENTE 4MM (2),CCTV,EZVIZ,201.78,100,active,CS-H8C-R200-1J4WKFL.webp
CS-H8-R100-1J5WKFL,CS-H8-R100-1J5WKFL,CAM IP PT EXT 5MP WIFI 2.4GHZ LENTE 4MM,CCTV,EZVIZ,300.50,100,active,CS-H8-R100-1J5WKFL.webp
CS-H8C-R200-1J5WKFL,CS-H8C-R200-1J5WKFL,CAM IP PT EXT 5MP WIFI LENTE 4MM (2),CCTV,EZVIZ,255.99,100,active,CS-H8C-R200-1J5WKFL.webp
CS-H6C-R105-1L2WF,CS-H6C-R105-1L2WF,CAM IP PT INTER 2MP 1080P WIFI LENTE 4MM,CCTV,EZVIZ,104.60,100,active,CS-H6C-R105-1L2WF.webp
CS-H6C-R105-1L3WF,CS-H6C-R105-1L3WF,CAM IP PT INTER 3MP WIFI LENTE 4MM,CCTV,EZVIZ,126.90,100,active,CS-H6C-R105-1L3WF.webp
CS-H9C-R100-8G55WKFL,CS-H9C-R100-8G55WKFL,CAM IP PT LENTE DUAL EXTERIOR 10MP WIFI LENTE 2.8+6MM,CCTV,EZVIZ,290.00,100,active,CS-H9C-R100-8G55WKFL.webp
CS-H9C-R100-8H33WKFL,CS-H9C-R100-8H33WKFL,CAM IP PT LENTE DUAL EXTERIOR 6MP WIFI LENTE 2.8+6MM,CCTV,EZVIZ,270.00,100,active,CS-H9C-R100-8H33WKFL.webp
CS-H90-R100-8H44WKFL,CS-H90-R100-8H44WKFL,CAM IP PT LENTE DUAL EXTERIOR 8MP WIFI LENTE 2.8+6MM,CCTV,EZVIZ,350.85,100,active,CS-H90-R100-8H44WKFL.webp
CS-H7C-R100-8G44WF,CS-H7C-R100-8G44WF,CAM IP PT LENTE DUAL INTERIOR 8MP WIFI LENTE 2.8+6MM,CCTV,EZVIZ,193.81,100,active,CS-H7C-R100-8G44WF.webp
HK-DS-MH1411-N1,HK-DS-MH1411-N1,CARGADOR DE BATERIA PARA BODYCAM,CCTV,Hikvision,212.00,100,active,HK-DS-MH1411-N1.webp
HY-CH10A07,HY-CH10A07,CARGADOR DE RADIO BANDA LIBRE PARA MESA SIN FUENTE,RADIOS MOVILES,Hytera,83.74,100,active,HY-CH10A07.webp
HY-CH10L23,HY-CH10L23,CARGADOR DE RADIO PARA MESA SIN FUENTE,RADIOS MOVILES,Hytera,55.66,100,active,HY-CH10L23.webp
HY-CHV09,HY-CHV09,CARGADOR DE RADIO VEHICULAR - ADAPTADOR,RADIOS MOVILES,Hytera,222.59,100,active,HY-CHV09.webp
HK-DS-MDS003-E,HK-DS-MDS003-E,CARGADOR X 8 PUERTOS P/BODYCAM,CCTV,Hikvision,4027.99,100,active,HK-DS-MDS003-E.webp
ZK-LM-1805,ZK-LM-1805,C. ELECTROMAGNETICA 120kg Â±8 % - 12VDC,CONTROL ACCESO Y ASISTENCIA,ZKTeco,81.61,100,active,ZK-LM-1805.webp
ZK-LM-2805,ZK-LM-2805,C. ELECTROMAGNETICA 200kg Â±5 % - 12VDC,CONTROL ACCESO Y ASISTENCIA,ZKTeco,97.15,100,active,ZK-LM-2805.webp
CO-MCO110,CO-MCO110,CENTRAL DETEC MONOXIDO (HASTA 10 SENSORES CO NO2),ALARMA INCENDIOS,Cofem,1097.09,100,active,CO-MCO110.webp
CO-ZAFIR02BROJ,CO-ZAFIR02BROJ,CENTRAL DIRECCIONABLE ZAFIRO 2 BUCLES 199 PT.PTA R,ALARMA INCENDIOS,Cofem,3704.69,100,active,CO-ZAFIR02BROJ.webp
CO-IRON04,CO-IRON04,CENTRAL INCENDIO CONVEN 4 ZONAS PUERTA ROJA,ALARMA INCENDIOS,Cofem,524.70,100,active,CO-IRON04.webp
CO-CLVR12Z,CO-CLVR12Z,CENTRAL INCENDIO CONVENCIONAL 12 ZONAS PUERTA ROJA,ALARMA INCENDIOS,Cofem,874.50,100,active,CO-CLVR12Z.webp
CO-CLY0N02B,CO-CLY0N02B,CENTRAL INCENDIO DIRECCION LYON 2 BUCLES 99 PT.PTA,ALARMA INCENDIOS,Cofem,1768.40,100,active,CO-CLY0N02B.webp
ZK-AL20B/R,ZK-AL20B/R,CERRADURA CON LECTOR DE HUELLA (2),CONTROL ACCESO Y ASISTENCIA,ZKTeco,609.50,100,active,ZK-AL20BR.webp
ZK-TL700W,ZK-TL700W,CERRADURA INTELIGENTE C/HUELLA CODIGO Y TARJETA MF,CONTROL ACCESO Y ASISTENCIA,ZKTeco,529.47,100,active,ZK-TL700W.webp
ZK-TL800,ZK-TL800,CERRADURA INTELIGENTE C/HUELLA CODIGO Y TARJETA MF (2),CONTROL ACCESO Y ASISTENCIA,ZKTeco,885.09,100,active,ZK-TL800.webp
ZK-HBL400,ZK-HBL400,CERRADURA INTELIGENTE C/HUELLA ROSTRO CODIGO Y TARJETA MF,CONTROL ACCESO Y ASISTENCIA,ZKTeco,1139.49,100,active,ZK-HBL400.webp
ZK-ML100,ZK-ML100,CERRADURA INTELIGENTE CON LECTOR DE HUELLA,CONTROL ACCESO Y ASISTENCIA,ZKTeco,328.60,100,active,ZK-ML100.webp
ZK-LH4000,ZK-LH4000,CERRADURA METALICA HOTELERA LADO DERECHO (2),CONTROL ACCESO Y ASISTENCIA,ZKTeco,328.60,100,active,ZK-LH4000.webp
ZK-LH3000,ZK-LH3000,CERRADURA METALICA HOTELERA LADO DERECHO (3),CONTROL ACCESO Y ASISTENCIA,ZKTeco,275.59,100,active,ZK-LH3000.webp
ZK-LH6800/R,ZK-LH6800/R,CERRADURA METALICA HOTELERA LADO DERECHO (R),CONTROL ACCESO Y ASISTENCIA,ZKTeco,412.86,100,active,ZK-LH6800R.webp
ZK-LH6000/R,ZK-LH6000/R,CERRADURA METALICA HOTELERA LADO DERECHO (R2),CONTROL ACCESO Y ASISTENCIA,ZKTeco,355.10,100,active,ZK-LH6000R.webp
ZK-LH6800/L,ZK-LH6800/L,CERRADURA METALICA HOTELERA LADO IZQUIERDA (L),CONTROL ACCESO Y ASISTENCIA,ZKTeco,412.86,100,active,ZK-LH6800L.webp
ZK-LH6000/L,ZK-LH6000/L,CERRADURA METALICA HOTELERA LADO IZQUIERDA (L2),CONTROL ACCESO Y ASISTENCIA,ZKTeco,355.10,100,active,ZK-LH6000L.webp
ZK-LH4000I,ZK-LH4000I,CERRADURA METALICA HOTELERA LADO IZQUIERDO,CONTROL ACCESO Y ASISTENCIA,ZKTeco,328.60,100,active,ZK-LH4000I.webp
ZK-LH3000I,ZK-LH3000I,CERRADURA METALICA HOTELERA LADO IZQUIERDO (3),CONTROL ACCESO Y ASISTENCIA,ZKTeco,275.59,100,active,ZK-LH3000I.webp
CS-DL03-PRO,CS-DL03-PRO,CERRADURA SMART C/HUELLA TARJETA Y TECLADO WIFI BLUETHOOTH,CCTV,EZVIZ,286.20,100,active,CS-DL03-PRO.webp
CS-DL05-R100-WBCP-GR,CS-DL05-R100-WBCP-GR,CERRADURA SMART C/HUELLA Y TECLADO WIFI BLUETHOOTH (2),CCTV,EZVIZ,476.47,100,active,CS-DL05-R100-WBCP-GR.webp
CS-DL03,CS-DL03,CERRADURA SMART C/TECLADO WIFI BLUETHOOTH,CCTV,EZVIZ,190.79,100,active,CS-DL03.webp
CS-DL04-R100-WP-GR,CS-DL04-R100-WP-GR,CERRADURA SMART C/TECLADO WIFI BLUETHOOTH Y PROXIMIDAD,CCTV,EZVIZ,383.73,100,active,CS-DL04-R100-WP-GR.webp
CS-DL04-R100-WBCP-GR,CS-DL04-R100-WBCP-GR,CERRADURA SMART PRO C/TECLADO WIFI BLUETHOOTH Y PROXIMIDAD,CCTV,EZVIZ,447.31,100,active,CS-DL04-R100-WBCP-GR.webp
HK-DS-MH1710-N1-S,HK-DS-MH1710-N1-S,CLIP METALICO PARA BODYCAM,CCTV,Hikvision,77.91,100,active,HK-DS-MH1710-N1-S.webp
HK-DS2CD2T87G3-LIS2UY/SRB,HK-DS2CD2T87G3-LIS2UY/SRB,COLORVU3.0 BULLET IP 8MP 2.8MM SMART HYBRID LIGHT IR AUDIO Y LUZ STROBO,CCTV,Hikvision,940.22,100,active,HK-DS2CD2T87G3-LIS2UYSRB.webp
HK-DS2CD2087G3-LI2UY/SRB,HK-DS2CD2087G3-LI2UY/SRB,COLORVU3.0 MINI BULLET IP 8MP 2.8MM SMART HYBRID LIGHT IR AUDIO Y LUZ STROBO,CCTV,Hikvision,792.34,100,active,HK-DS2CD2087G3-LI2UYSRB.webp
HK-DS2CD1027G2H-LIU,HK-DS2CD1027G2H-LIU,COLORVU TUBO IP 2MP SMART HYBRID LIGHT 2.8MM IP67 CON IR Y AUDIO,CCTV,Hikvision,195.78,100,active,HK-DS2CD1027G2H-LIU.webp
HK-DS2CD1047G2H-LIU,HK-DS2CD1047G2H-LIU,COLORVU TUBO IP 4MP SMART HYBIRD LIGHT 2.8MM IP67 CON IR Y AUDIO,CCTV,Hikvision,284.60,100,active,HK-DS2CD1047G2H-LIU.webp
HK-DS2CD1327G2H-LIU,HK-DS2CD1327G2H-LIU,COLORVU TURRET IP 2MP SMART HYBIRD LIGHT 2.8MM D-WDR IP67 CON IR Y AUDIO,CCTV,Hikvision,195.78,100,active,HK-DS2CD1327G2H-LIU.webp
HK-DS2CD1347G2H-LIU,HK-DS2CD1347G2H-LIU,COLORVU TURRET IP 4MP SMART HYBIRD LIGHT 2.8MM D-WDR IP67 CONN IR Y AUDIO,CCTV,Hikvision,284.82,100,active,HK-DS2CD1347G2H-LIU.webp
HK-DS-PD1-MC-MS,HK-DS-PD1-MC-MS,CONTACTO MAGNETICO,ALARMA ROBOS,Hikvision,20.40,100,active,HK-DS-PD1-MC-MS.webp
HK-DS-K1T343EX,HK-DS-K1T343EX,CONTROL ACCESO ASISTENCIA|AUDIO BIDIRECCIONAL|1500 ROSTROS|3000 TARJETAS EM,CONTROL ACCESO Y ASISTENCIA,Hikvision,386.91,100,active,HK-DS-K1T343EX.webp
HK-DS-K1T321EFWX-B,HK-DS-K1T321EFWX-B,CONTROL ACCESO ASISTENCIA CON WIFI Y BATERIA |500 ROSTROS|3000 TARJETAS EM|3000 HUELLAS,CONTROL ACCESO Y ASISTENCIA,Hikvision,328.60,100,active,HK-DS-K1T321EFWX-B.webp
HK-DS-K1T342EX-PE,HK-DS-K1T342EX-PE,CONTROL ACCESO ASISTENCIA EXTERIOR|SOPORTA PoE|IP65|AUDIO BIDIREC|1500 ROSTROS|3000 TARJ EM (2),CONTROL ACCESO Y ASISTENCIA,Hikvision,514.09,100,active,HK-DS-K1T342EX-PE.webp
HK-DS-K1T344EBFWX-E1,HK-DS-K1T344EBFWX-E1,CONTROL ACCESO ASISTENCIA|HUELLA Y FACIAL|3000 ROSTROS|3000 TARJETAS EM,CONTROL ACCESO Y ASISTENCIA,Hikvision,689.00,100,active,HK-DS-K1T344EBFWX-E1.webp
ZK-SC800,ZK-SC800,CONTROL ACCESO TARJETA PARA EXTERIOR IP65,CONTROL ACCESO Y ASISTENCIA,ZKTeco,461.09,100,active,ZK-SC800.webp
ZK-IN01A/ID,ZK-IN01A/ID,CONTROL ACCESO Y ASISTENCIA HUELLA DIGITAL Y PROXI,CONTROL ACCESO Y ASISTENCIA,ZKTeco,842.70,100,active,ZK-IN01AID.webp
TP-OC200,TP-OC200,CONTROLADOR CLOUD OMADA BUSINESS,NETWORKING,TP-Link,404.60,100,active,TP-OC200.webp
TP-OC300,TP-OC300,CONTROLADOR CLOUD OMADA BUSINESS 2,NETWORKING,TP-Link,843.29,100,active,TP-OC300.webp
ZK-PSA04,ZK-PSA04,CONTROLADOR DE BARRERA VEHICULAR,CONTROL ACCESO Y ASISTENCIA,ZKTeco,130.58,100,active,ZK-PSA04.webp
ZK-MB560-VL/ID,ZK-MB560-VL/ID,CONTROL ASISTENCIA Y ACCESO FACIAL HUELLA PIN,CONTROL ACCESO Y ASISTENCIA,ZKTeco,874.50,100,active,ZK-MB560-VLID.webp
ZK-HORUS-TL2,ZK-HORUS-TL2,CONTROL ASISTENCIA Y ACCESO FACIAL WIFI Y CABLEADO,CONTROL ACCESO Y ASISTENCIA,ZKTeco,233.65,100,active,ZK-HORUS-TL2.webp
ZK-MB10-VL,ZK-MB10-VL,CONTROL DE ACCESO FACIAL Y HUELLA,CONTROL ACCESO Y ASISTENCIA,ZKTeco,333.90,100,active,ZK-MB10-VL.webp
ZK-MA300/ID,ZK-MA300/ID,CONTROL DE ACCESO HUELLA DIGITAL Y PROXIMIDAD,CONTROL ACCESO Y ASISTENCIA,ZKTeco,551.20,100,active,ZK-MA300ID.webp
ZK-UFACE800PLUS,ZK-UFACE800PLUS,CONTROL DE ACCESO Y ASISTENCIA BIOMETRICO,CONTROL ACCESO Y ASISTENCIA,ZKTeco,1637.70,100,active,ZK-UFACE800PLUS.webp
ZK-SENSEFACE-2A,ZK-SENSEFACE-2A,CONTROL DE ACC Y ASIST BIOMET. 1500 ROSTRO HUELLA Y TARJ,CONTROL ACCESO Y ASISTENCIA,ZKTeco,418.71,100,active,ZK-SENSEFACE-2A.webp
ZK-SENSEFACE-3A,ZK-SENSEFACE-3A,CONTROL DE ACC Y ASIST BIOMET. 3000 ROSTRO HUELLA Y TARJ,CONTROL ACCESO Y ASISTENCIA,ZKTeco,630.70,100,active,ZK-SENSEFACE-3A.webp
ZK-SPEEDFACE-V5L/ID,ZK-SPEEDFACE-V5L/ID,CONTROL DE ACC Y ASIST BIOMET FACIAL,CONTROL ACCESO Y ASISTENCIA,ZKTeco,1584.70,100,active,ZK-SPEEDFACE-V5LID.webp
ZK-SPEEDFACE-V5L-WIFI,ZK-SPEEDFACE-V5L-WIFI,CONTROL DE ACC Y ASIST BIOMET FACIAL CON WIFI,CONTROL ACCESO Y ASISTENCIA,ZKTeco,1870.90,100,active,ZK-SPEEDFACE-V5L-WIFI.webp
ZK-SPEEDFACE-V3L/ID,ZK-SPEEDFACE-V3L/ID,CONTROL DE ACC Y ASIST BIOMET. ROSTRO HUELLA Y TARJ,CONTROL ACCESO Y ASISTENCIA,ZKTeco,683.70,100,active,ZK-SPEEDFACE-V3LID.webp
ZK-LX14,ZK-LX14,CONTROL DE ASISTENCIA CON PANTALLA 3 (2),CONTROL ACCESO Y ASISTENCIA,ZKTeco,206.70,100,active,ZK-LX14.webp
HK-DS1005KI,HK-DS1005KI,CONTROL TIPO JOYSTICK 2D USB PMODELO HIKVISION,CCTV,Hikvision,842.70,100,active,HK-DS1005KI.webp
HK-DS1006KI,HK-DS1006KI,CONTROL TIPO JOYSTICK IP 3D USB PMODELO HIKVISION,CCTV,Hikvision,916.90,100,active,HK-DS1006KI.webp
TP-MC112CS,TP-MC112CS,CONVERTIDOR A FIBRA OPTICA 10/100 DE RJ45 A MONO MODO,NETWORKING,TP-Link,84.48,100,active,TP-MC112CS.webp
TP-MC111CS,TP-MC111CS,CONVERTIDOR A FIBRA OPTICA 10/100 DE RJ45 A MONO MODO CS,NETWORKING,TP-Link,84.48,100,active,TP-MC111CS.webp
TP-MC110CS,TP-MC110CS,CONVERTIDOR A FIBRA OPTICA 10/100 DE RJ45 A MONO MODO CS (2),NETWORKING,TP-Link,109.96,100,active,TP-MC110CS.webp
TP-MC100CM,TP-MC100CM,CONVERTIDOR A FIBRA OPTICA 10/100 DE RJ45 A MULTI MODO (2),NETWORKING,TP-Link,109.96,100,active,TP-MC100CM.webp
TP-MC210CS,TP-MC210CS,CONVERTIDOR A FIBRA OPTICA DE RJ45 A MONO MODO SC,NETWORKING,TP-Link,114.59,100,active,TP-MC210CS.webp
TP-MC200CM,TP-MC200CM,CONVERTIDOR A FIBRA OPTICA DE RJ45 A MULTIMODO SC,NETWORKING,TP-Link,134.88,100,active,TP-MC200CM.webp
TP-MC220L,TP-MC220L,CONVERTIDOR A FIBRA OPTICA DE RJ45 A MULTIMODO SFP,NETWORKING,TP-Link,73.99,100,active,TP-MC220L.webp
HK-DS-1H18S/E,HK-DS-1H18S/E,CONVERTIDOR DE VIDEO HD 1CH ENTRADA BNC A UTP (2),CCTV,Hikvision,7.90,100,active,HK-DS-1H18SE.webp
ZK-WR485,ZK-WR485,CONVERTIDOR RS485 A 4 ENTRADAS AUX,CONTROL ACCESO Y ASISTENCIA,ZKTeco,39.75,100,active,ZK-WR485.webp
ZK-HDC09-232,ZK-HDC09-232,CONVERTIDOR WIEGAND RS-232 PARA LECTOR ZK-7705H,CONTROL ACCESO Y ASISTENCIA,ZKTeco,355.10,100,active,ZK-HDC09-232.webp
HK-DS-3WF0FC-2N/O,HK-DS-3WF0FC-2N/O,CPE INALAM EXTERIOR 2.4GHZ 300MBPS 1 KM ANTENA 7DBI 2X2 MIMO 35Â°,NETWORKING,Hikvision,128.79,100,active,HK-DS-3WF0FC-2NO.webp
CS-EB3/SP-R200(3MP),CS-EB3/SP-R200(3MP),CS-EB3 CAM IP CON BATERIA 5200mAh CON PANEL SOLAR,CCTV,EZVIZ,351.93,100,active,CS-EB3SP-R200(3MP).webp
HK-DS2CD2443G0-IW,HK-DS2CD2443G0-IW,CUBO IP 4 MP HD WIFI 12VDC/POE,CCTV,Hikvision,346.35,100,active,HK-DS2CD2443G0-IW.webp
HK-DS6910UDI,HK-DS6910UDI,DECODER 10 CANALES 12MP,CCTV,Hikvision,8983.49,100,active,HK-DS6910UDI.webp
HK-DS6916UDI,HK-DS6916UDI,DECODER 16CH SALIDA DVI,CCTV,Hikvision,12401.98,100,active,HK-DS6916UDI.webp
HK-DS6904UDI,HK-DS6904UDI,DECODER 4 CANALES 12MP,CCTV,Hikvision,5135.70,100,active,HK-DS6904UDI.webp
ZK-AM-D886,ZK-AM-D886,DESACTIVADOR DE TAGS AM GRIS (5 - 10CM),CONTROL ACCESO Y ASISTENCIA,ZKTeco,106.00,100,active,ZK-AM-D886.webp
ZK-RF-769B,ZK-RF-769B,DESACTIVADOR DE TAGS RF NEGRO (5 - 10CM),CONTROL ACCESO Y ASISTENCIA,ZKTeco,122.14,100,active,ZK-RF-769B.webp
ZK-PSA02,ZK-PSA02,DETECTOR DE LAZO PARA BARRERA VEHICULAR,CONTROL ACCESO Y ASISTENCIA,ZKTeco,185.51,100,active,ZK-PSA02.webp
ZK-D100S,ZK-D100S,DETECTOR DE METALES DE MANO - 1/2 SENSIBILIDAD,CONTROL ACCESO Y ASISTENCIA,ZKTeco,94.86,100,active,ZK-D100S.webp
SE-HDD10TB-PRO,SE-HDD10TB-PRO,DISCO DURO PURPLE PRO WD 10 TERAS,ALMACENAMIENTO,STV,1296.91,100,active,SE-HDD10TB-PRO.webp
SE-HDD12TB-PRO,SE-HDD12TB-PRO,DISCO DURO PURPLE PRO WD 12 TERAS,ALMACENAMIENTO,STV,1413.78,100,active,SE-HDD12TB-PRO.webp
SE-HDD1TB,SE-HDD1TB,DISCO DURO PURPLE WD  1 TERA SATA,ALMACENAMIENTO,STV,239.14,100,active,SE-HDD1TB.webp
SE-HDD2TB,SE-HDD2TB,DISCO DURO PURPLE WD 2 TERAS SATA,ALMACENAMIENTO,STV,287.79,100,active,SE-HDD2TB.webp
SE-HDD4TB,SE-HDD4TB,DISCO DURO PURPLE WD 4 TERAS SATA,ALMACENAMIENTO,STV,435.87,100,active,SE-HDD4TB.webp
SE-HDD6TB,SE-HDD6TB,DISCO DURO PURPLE WD 6TB SATA,ALMACENAMIENTO,STV,670.56,100,active,SE-HDD6TB.webp
SE-HDD8TB,SE-HDD8TB,DISCO DURO  PURPLE WD 8 TERAS SATA,ALMACENAMIENTO,STV,997.46,100,active,SE-HDD8TB.webp
HK-HS-SSD-V300X/1000G,HK-HS-SSD-V300X/1000G,DISCO DURO SOLIDO 1TB C/ADAPTADOR PARA DVR,ALMACENAMIENTO,Hikvision,253.98,100,active,HK-HS-SSD-V300X1000G.webp
HK-DS2CE56D0T-IRPF,HK-DS2CE56D0T-IRPF,DOMO 4 EN 1 1080P D/N IR 20M L2.8 - 12VDC,CCTV,Hikvision,65.73,100,active,HK-DS2CE56D0T-IRPF.webp
HK-DS2CE56C0T-IRPF,HK-DS2CE56C0T-IRPF,DOMO INT 720P 4 EN 1 DIA/NOCHE IR 20M L2.8 - 12VDC,CCTV,Hikvision,46.80,100,active,HK-DS2CE56C0T-IRPF.webp
HK-DS2CD2123G2-IU,HK-DS2CD2123G2-IU,DOMO IP 2MP ACUSENSE LENTE 2.8MM IR30M,CCTV,Hikvision,292.06,100,active,HK-DS2CD2123G2-IU.webp
HK-DS2CD2123G2-LIS2U,HK-DS2CD2123G2-LIS2U,DOMO IP 2MP ACUSENSE SMART HYBRID LIGHT 2.8MM IR30M,CCTV,Hikvision,417.10,100,active,HK-DS2CD2123G2-LIS2U.webp
HK-DS2CD1123G2-LIU,HK-DS2CD1123G2-LIU,DOMO IP 2MP SMART HYBRID LIGHT 2.8MM CON IR Y AUDIO,CCTV,Hikvision,176.49,100,active,HK-DS2CD1123G2-LIU.webp
HK-IDS-2CD7146G0-IZS,HK-IDS-2CD7146G0-IZS,DOMO IP 4MP 2.8-12MM,CCTV,Hikvision,2310.80,100,active,HK-IDS-2CD7146G0-IZS.webp
HK-DS2CD2743G2-LIZS2U,HK-DS2CD2743G2-LIZS2U,DOMO IP 4MP ACUSENSE SMART HYBRID LIGHT 2.8-12MM IR30M C/AUDIO,CCTV,Hikvision,763.21,100,active,HK-DS2CD2743G2-LIZS2U.webp
HK-DS2CD2143G2-LIS2U,HK-DS2CD2143G2-LIS2U,DOMO IP 4MP ACUSENSE SMART HYBRID LIGHT 2.8MM IR30M C/AUDIO,CCTV,Hikvision,440.96,100,active,HK-DS2CD2143G2-LIS2U.webp
HK-DS2CD2747G2H-LIPTRZS2U/SL,HK-DS2CD2747G2H-LIPTRZS2U/SL,DOMO IP 4MP COLORVU LENTE MOTORIZADO 2.8-12MM SMART HYBRID LIGHT,CCTV,Hikvision,1176.59,100,active,HK-DS2CD2747G2H-LIPTRZS2USL.webp
HK-DS2CD1743G2-LIZU,HK-DS2CD1743G2-LIZU,DOMO IP 4MP DUAL LIGHT 2.8-12MM IR 30MTS,CCTV,Hikvision,501.48,100,active,HK-DS2CD1743G2-LIZU.webp
HK-DS2DE2C400MW-DE,HK-DS2DE2C400MW-DE,DOMO IP 4MP PANTILT P/EXTERIOR IR 30M 2.8MM C/AUDIO,CCTV,Hikvision,374.07,100,active,HK-DS2DE2C400MW-DE.webp
HK-DS2CD2787G2H-LIPTRZS2U/SL,HK-DS2CD2787G2H-LIPTRZS2U/SL,DOMO IP 8MP COLORVU LENTE MOTORIZADO 2.8-12MM SMART HYBRID LIGHT,CCTV,Hikvision,1319.70,100,active,HK-DS2CD2787G2H-LIPTRZS2USL.webp
HK-DS2CD1723G2-LIZU,HK-DS2CD1723G2-LIZU,DOMO IP CON IR EXT 2MP L/VARIFOCAL 2.8-12MM (3),CCTV,Hikvision,438.31,100,active,HK-DS2CD1723G2-LIZU.webp
HK-DS2CD1143G2-LIU,HK-DS2CD1143G2-LIU,DOMO IP CON IR EXTERIOR 4MP 2.8MM,CCTV,Hikvision,258.65,100,active,HK-DS2CD1143G2-LIU.webp
HK-DS2DF8C442IXS-AELW,HK-DS2DF8C442IXS-AELW,DOMO IP PANOVU 42X16 4MP D/N ALTA VELOCIDAD WDR,CCTV,Hikvision,8792.69,100,active,HK-DS2DF8C442IXS-AELW.webp
HK-DS2DF8C4421XG-ELW,HK-DS2DF8C4421XG-ELW,DOMO IP PANOVU 42X16 4MP D/N ALTA VELOCIDAD WDR (2),CCTV,Hikvision,8196.98,100,active,HK-DS2DF8C4421XG-ELW.webp
HK-DS2DE4225IW-DE,HK-DS2DE4225IW-DE,DOMO IP PTZ 25X 1080P IR 100M CARCAZA PLASTICA,CCTV,Hikvision,1184.87,100,active,HK-DS2DE4225IW-DE.webp
HK-DS2DE4425IW-DE,HK-DS2DE4425IW-DE,DOMO IP PTZ 25X 4MP IR 100M CARCAZA PLASTICA,CCTV,Hikvision,1571.71,100,active,HK-DS2DE4425IW-DE.webp
HK-DS2DE2A404IW-DE3,HK-DS2DE2A404IW-DE3,DOMO IP PTZ P/INT 4MP IR 20M LENTE ZOOM 4X (2.8-12MM),CCTV,Hikvision,556.87,100,active,HK-DS2DE2A404IW-DE3.webp
HK-DS2AE4225TI-D,HK-DS2AE4225TI-D,DOMO PTZ 25X 1080P IR 100M,CCTV,Hikvision,1001.54,100,active,HK-DS2AE4225TI-D.webp
HK-DS7216HGHI-M1(S),HK-DS7216HGHI-M1(S),DVR 16CH 1HDD CASE METAL CON AUDIO,CCTV,Hikvision,344.50,100,active,HK-DS7216HGHI-M1(S).webp
HK-iDS7216HQHI-M2/XT,HK-iDS7216HQHI-M2/XT,DVR 16CH ACUSENSE 1080P HDMI 2HDD (2),CCTV,Hikvision,784.41,100,active,HK-iDS7216HQHI-M2XT.webp
HK-IDS7216HUHI-M2/XT,HK-IDS7216HUHI-M2/XT,DVR 16CH ACUSENSE 5MP 2HDD CON ANALITICA,CCTV,Hikvision,1375.35,100,active,HK-IDS7216HUHI-M2XT.webp
HK-iDS7232HQHI-M2/XT,HK-iDS7232HQHI-M2/XT,DVR 32CH 5MP ACUSENSE 2HDD CON ANALITICA,CCTV,Hikvision,1494.59,100,active,HK-iDS7232HQHI-M2XT.webp
HK-DS7204HGHI-M1/S,HK-DS7204HGHI-M1/S,DVR 4CH 1 HDD 720P CON AUDIO - 220V,CCTV,Hikvision,153.33,100,active,HK-DS7204HGHI-M1S.webp
HK-iDS7204HQHI-M1/XT,HK-iDS7204HQHI-M1/XT,DVR 4CH ACUSENSE 1080P HDMI 1HDD C/ANALITICA,CCTV,Hikvision,248.84,100,active,HK-iDS7204HQHI-M1XT.webp
HK-iDS7204HUHI-M1/XT,HK-iDS7204HUHI-M1/XT,DVR 4CH ACUSENSE 5MP HDMI 1HDD CON ANALITICA,CCTV,Hikvision,409.16,100,active,HK-iDS7204HUHI-M1XT.webp
HK-DS7208HGHI-M1(S),HK-DS7208HGHI-M1(S),DVR 8CH 1080P 1 HDD C/AUDIO,CCTV,Hikvision,194.51,100,active,HK-DS7208HGHI-M1(S).webp
HK-IDS7208HQHI-M1/XT,HK-IDS7208HQHI-M1/XT,DVR 8CH 1080P ACUSENSE 1HDD CON ANALITICA (2),CCTV,Hikvision,376.30,100,active,HK-IDS7208HQHI-M1XT.webp
HK-IDS7208HUHI-M1/XT,HK-IDS7208HUHI-M1/XT,DVR 8CH 1080P ACUSENSE 1HDD CON ANALITICA (3),CCTV,Hikvision,671.36,100,active,HK-IDS7208HUHI-M1XT.webp
FZ-FVR-1012,FZ-FVR-1012,ESTABILIZADOR 4 TOMAS 1000VA/500W 220V,"FUENTES, TRANSFORMADORES Y UPS",Forza,54.16,100,active,FZ-FVR-1012.webp
FZ-FVR-3002,FZ-FVR-3002,ESTABILIZADOR 4 TOMAS/3000VA/1500W 220V,"FUENTES, TRANSFORMADORES Y UPS",Forza,151.04,100,active,FZ-FVR-3002.webp
FZ-FVR-1222USB,FZ-FVR-1222USB,ESTABILIZADOR 8 TOMAS 1200VA/600W C/2USB 220V,"FUENTES, TRANSFORMADORES Y UPS",Forza,79.11,100,active,FZ-FVR-1222USB.webp
FZ-FVR-2202,FZ-FVR-2202,ESTABILIZADOR 8 TOMAS 2200VA/1100W 220V,"FUENTES, TRANSFORMADORES Y UPS",Forza,102.49,100,active,FZ-FVR-2202.webp
FZ-FVR-902,FZ-FVR-902,ESTABILIZADOR 8 TOMAS 900VA/450W 220V,"FUENTES, TRANSFORMADORES Y UPS",Forza,43.55,100,active,FZ-FVR-902.webp
HK-DS-KM9503,HK-DS-KM9503,ESTACION DE VIDEOPORTEROS P/EDIFICIOS,VIDEO PORTEROS E INTERCOMUNICADORES,Hikvision,2101.46,100,active,HK-DS-KM9503.webp
TP-TL-WPA4220,TP-TL-WPA4220,EXPANSOR DE SEÃ‘AL WIFI POR LINEA ELECTRICA,NETWORKING,TP-Link,123.34,100,active,TP-TL-WPA4220.webp
TP-TL-WA850RE,TP-TL-WA850RE,EXPANSOR WIFI 300MBPS 2.4GHZ 2 ANTENAS,NETWORKING,TP-Link,66.40,100,active,TP-TL-WA850RE.webp
TP-RE205,TP-RE205,EXPANSOR WIFI 300MBPS 2.4GHZ Y 433MBPS 5GHZ 2 ANTENAS,NETWORKING,TP-Link,113.84,100,active,TP-RE205.webp
TP-RE200,TP-RE200,EXPANSOR WIFI 300MBPS 2.4GHZ Y 433MBPS 5GHZ 3 ANTENAS,NETWORKING,TP-Link,94.86,100,active,TP-RE200.webp
ZK-PSU1210-D,ZK-PSU1210-D,FUENTE DE ALIMENTACION 12VDC/1AMP,"FUENTES, TRANSFORMADORES Y UPS",ZKTeco,7.15,100,active,ZK-PSU1210-D.webp
ZK-PSU1220-D,ZK-PSU1220-D,FUENTE DE ALIMENTACION 12VDC/2AMP,"FUENTES, TRANSFORMADORES Y UPS",ZKTeco,12.72,100,active,ZK-PSU1220-D.webp
ZK-PSU1250-DMS,ZK-PSU1250-DMS,FUENTE DE ALIMENTACION 12VDC/5AMP,"FUENTES, TRANSFORMADORES Y UPS",ZKTeco,23.32,100,active,ZK-PSU1250-DMS.webp
HY-PS1014,HY-PS1014,FUENTE DE PODER PARA CARGADOR HY-CH10A07 12V/1MP,RADIOS MOVILES,Hytera,47.18,100,active,HY-PS1014.webp
ZK-20A-18CH,ZK-20A-18CH,FUENTE PARA 18CH CON GABINETE METALICO 12VDC/20AMP,"FUENTES, TRANSFORMADORES Y UPS",ZKTeco,94.86,100,active,ZK-20A-18CH.webp
HK-DS-2FA1225-C4,HK-DS-2FA1225-C4,FUENTE REGULADA CENTRALIZADA 12VDC/1AMP - 220V,"FUENTES, TRANSFORMADORES Y UPS",Hikvision,31.27,100,active,HK-DS-2FA1225-C4.webp
HK-DS-2FA1205-C8,HK-DS-2FA1205-C8,FUENTE REGULADA CENTRALIZADA 12VDC/5AMP - 220V,"FUENTES, TRANSFORMADORES Y UPS",Hikvision,38.70,100,active,HK-DS-2FA1205-C8.webp
HK-DS-2FA1201-DL,HK-DS-2FA1201-DL,FUENTE REGULADA P/CAMARA 1AMP 220V/12VDC (2),"FUENTES, TRANSFORMADORES Y UPS",Hikvision,10.07,100,active,HK-DS-2FA1201-DL.webp
ST-HH-TF-12U,ST-HH-TF-12U,GABINETE METALICO DE PARED 12U 600X600MM,NETWORKING,Western Digital,418.71,100,active,ST-HH-TF-12U.webp
ST-HH-TF-4U,ST-HH-TF-4U,GABINETE METALICO DE PARED 4U 600X450MM,NETWORKING,Western Digital,238.50,100,active,ST-HH-TF-4U.webp
ST-HH-TF-6U,ST-HH-TF-6U,GABINETE METALICO DE PARED 6U 600X450MM,NETWORKING,Western Digital,259.70,100,active,ST-HH-TF-6U.webp
ST-HH-SW-12U,ST-HH-SW-12U,GABINETE MET DE PARED ABATIBLE 12U 600X600MM,NETWORKING,Western Digital,476.99,100,active,ST-HH-SW-12U.webp
ST-HH-SW-9U,ST-HH-SW-9U,GABINETE MET DE PARED ABATIBLE 9U 600X600MM,NETWORKING,Western Digital,397.50,100,active,ST-HH-SW-9U.webp
ST-AEL-TT-4U,ST-AEL-TT-4U,GABINETE MET DE PARED COMPACTO 4U 400X530MM,NETWORKING,Western Digital,164.29,100,active,ST-AEL-TT-4U.webp
ST-AEL-TT-6U,ST-AEL-TT-6U,GABINETE MET DE PARED COMPACTO 6U 400X530MM,NETWORKING,Western Digital,185.51,100,active,ST-AEL-TT-6U.webp
ST-AEL-TV-42U-1000,ST-AEL-TV-42U-1000,GAB MET DE PISO C/PUERTA 42U 2000X600X1000,NETWORKING,Western Digital,1579.40,100,active,ST-AEL-TV-42U-1000.webp
ST-AEL-TV-42U-800,ST-AEL-TV-42U-800,GAB MET DE PISO C/PUERTA 42U 2000X600X800,NETWORKING,Western Digital,1462.79,100,active,ST-AEL-TV-42U-800.webp
FZ-FPP-T1202,FZ-FPP-T1202,GENERADOR ELECTRICO DE BATERIAS LMFP 1200 WATTS,"FUENTES, TRANSFORMADORES Y UPS",Forza,4006.79,100,active,FZ-FPP-T1202.webp
FZ-FPP-T302,FZ-FPP-T302,GENERADOR ELECTRICO DE BATERIAS LMFP 300 WATTS,"FUENTES, TRANSFORMADORES Y UPS",Forza,1250.80,100,active,FZ-FPP-T302.webp
FZ-FPP-T702,FZ-FPP-T702,GENERADOR ELECTRICO DE BATERIAS LMFP 700 WATTS,"FUENTES, TRANSFORMADORES Y UPS",Forza,2570.50,100,active,FZ-FPP-T702.webp
ZK-INBIO260PRO,ZK-INBIO260PRO,GL MODULO CONTROLADOR 2 PUERTAS,CONTROL ACCESO Y ASISTENCIA,ZKTeco,1272.00,100,active,ZK-INBIO260PRO.webp
ZK-INBIO460PRO,ZK-INBIO460PRO,GL MODULO CONTROLADOR 4 PUERTAS C/GABINETE Y FUENTE,CONTROL ACCESO Y ASISTENCIA,ZKTeco,1623.12,100,active,ZK-INBIO460PRO.webp
CS-H8C-R200-1K3WKFL,CS-H8C-R200-1K3WKFL,H8C PRO 3MP - CAM IP PT EXT 3MP WIFI 2.4GHZ LENTE 4MM,CCTV,EZVIZ,206.56,100,active,CS-H8C-R200-1K3WKFL.webp
CO-PIAL,CO-PIAL,INDICADOR DE ACCION REMOTO CON LED STD,ALARMA INCENDIOS,Cofem,26.50,100,active,CO-PIAL.webp
ZK-ENERSWITCH,ZK-ENERSWITCH,INTERRUPTOR AHORRO DE ENERGIA P/TARJETAS MIFARE,CONTROL ACCESO Y ASISTENCIA,ZKTeco,111.30,100,active,ZK-ENERSWITCH.webp
HK-DS1100KI,HK-DS1100KI,JOYSTICK IP PARA DOMO INTEGRADO (3D),CCTV,Hikvision,3286.00,100,active,HK-DS1100KI.webp
HK-DS1200KI,HK-DS1200KI,JOYSTICK IP PARA DOMO PTZ,CCTV,Hikvision,1372.70,100,active,HK-DS1200KI.webp
NEW-3667704,NEW-3667704,KEYSTONE JACK CAT6A 100 TYPE GRIS,NETWORKING,NEWLINK,10.07,100,active,NEW-3667704.webp
NEW-3667706,NEW-3667706,KEYSTONE JACK CAT6A 110 TYPE AZUL,NETWORKING,NEWLINK,10.07,100,active,NEW-3667706.webp
CS-B1-A0-A34,CS-B1-A0-A34,KIT ALARMA INALAMBRICO. INC: A3 + TC1 + TC2 + TC3,ALARMA ROBOS,EZVIZ,318.07,100,active,CS-B1-A0-A34.webp
HK-DS-3WF0EC-5ACT,HK-DS-3WF0EC-5ACT,KIT BRIDGE INALAM P/ASCENSORES 5GHZ 867MBPS 500M,NETWORKING,Hikvision,359.87,100,active,HK-DS-3WF0EC-5ACT.webp
CS-EB8-R100(3MP) + PANEL SOLAR,CS-EB8-R100(3MP) + PANEL SOLAR,KIT CAMARA IP PT 2K EXTERIOR 4G + PANEL SOLAR,CCTV,EZVIZ,681.05,100,active,CS-EB8-R100(3MP) + PANEL SOLAR.webp
ZK-SF400E-KIT,ZK-SF400E-KIT,KIT CONTROL DE ACCESO + CERRADURA AL280 + BOTON + FUENTE + 10 TAGS Y 10 CARDS,CONTROL ACCESO Y ASISTENCIA,ZKTeco,609.50,100,active,ZK-SF400E-KIT.webp
HK-DS-KAS-7M01,HK-DS-KAS-7M01,KIT DE ACCESO. INC:FUENTE CERRADURA SOPORTE Y PULSADOR S/FUENTE,CONTROL ACCESO Y ASISTENCIA,Hikvision,196.09,100,active,HK-DS-KAS-7M01.webp
HK-AE-VD2501A-A,HK-AE-VD2501A-A,KIT SOLUC MOVIL CON 4 CAMARAS Y MONITOR LCD Y CABLES,CCTV,Hikvision,687.41,100,active,HK-AE-VD2501A-A.webp
HK-DS-KIS213,HK-DS-KIS213,KIT VIDEO PORTERO ANALOGICO (3),VIDEO PORTEROS E INTERCOMUNICADORES,Hikvision,313.81,100,active,HK-DS-KIS213.webp
DS-KIS602,DS-KIS602,KIT V/PORTERO C/DS-KD8003 DS-KH6320 SWITCH Y SD CARD,VIDEO PORTEROS E INTERCOMUNICADORES,Hikvision,720.00,100,active,DS-KIS602.webp
HK-DS-KIS606-P,HK-DS-KIS606-P,"KIT V/PORTERO CON MONITOR 4.3"" KH6110-WE1""""""",VIDEO PORTEROS E INTERCOMUNICADORES,Hikvision,527.28,100,active,HK-DS-KIS606-P.webp
HK-DS-KIS608-P,HK-DS-KIS608-P,"KIT V/PORTERO CON MONITOR 7"" CON MICRO-SD""""""",VIDEO PORTEROS E INTERCOMUNICADORES,Hikvision,620.09,100,active,HK-DS-KIS608-P.webp
HK-DS-KIS313-P,HK-DS-KIS313-P,KIT V/PORTERO HIBRIDO 4 HILOS. INCLUYE MONITOR Y CAMARA,VIDEO PORTEROS E INTERCOMUNICADORES,Hikvision,490.78,100,active,HK-DS-KIS313-P.webp
ZK-7705H,ZK-7705H,LECTORA DE CODIGO DE BARRAS (2),CCTV,ZKTeco,1060.00,100,active,ZK-7705H.webp
ZK-KR200E,ZK-KR200E,LECTORA DE PROXIMIDAD (2),CONTROL ACCESO Y ASISTENCIA,ZKTeco,47.70,100,active,ZK-KR200E.webp
ZK-CR20E,ZK-CR20E,LECTORA USB PARA ENROLAR TARJETA DE PROXIM,CONTROL ACCESO Y ASISTENCIA,ZKTeco,73.14,100,active,ZK-CR20E.webp
ZK-FR1300,ZK-FR1300,LECTOR DE HUELLA DIGITAL TECLADO Y PROX SIMPLE,CONTROL ACCESO Y ASISTENCIA,ZKTeco,333.90,100,active,ZK-FR1300.webp
ZK-9500,ZK-9500,LECTOR DE HUELLA DIGITAL USB,CONTROL ACCESO Y ASISTENCIA,ZKTeco,183.92,100,active,ZK-9500.webp
ZK-FR1200,ZK-FR1200,LECTOR DE HUELLA DIGITAL Y PROX SIMPLE,CONTROL ACCESO Y ASISTENCIA,ZKTeco,349.80,100,active,ZK-FR1200.webp
ZK-UHF1-10F-PRO,ZK-UHF1-10F-PRO,LECTOR PROX / LARGO ALCANCE 12M,CONTROL ACCESO Y ASISTENCIA,ZKTeco,1166.00,100,active,ZK-UHF1-10F-PRO.webp
ZK-KR500M,ZK-KR500M,LECTOR WIEGAND RFID,CONTROL ACCESO Y ASISTENCIA,ZKTeco,79.11,100,active,ZK-KR500M.webp
ZK-AI-T&A-PUSH-SDK,ZK-AI-T&A-PUSH-SDK,LICENCIA SDK TIME ATTENDANC-PUSH,CONTROL ACCESO Y ASISTENCIA,ZKTeco,5034.99,100,active,ZK-AI-T&A-PUSH-SDK.webp
CS-T2C,CS-T2C,MAGNETICO INALAMBRICO PARA PUERTAS Y VENTANAS,ALARMA ROBOS,EZVIZ,50.35,100,active,CS-T2C.webp
HK-HS-TF-E3/128G,HK-HS-TF-E3/128G,MEMORIA MICRO SD 128GB CAPTURE,CCTV,Hikvision,57.77,100,active,HK-HS-TF-E3128G.webp
HK-HS-TF-D3/128G,HK-HS-TF-D3/128G,MEMORIA MICRO SD 128GB NEO LUX,ALMACENAMIENTO,Hikvision,37.10,100,active,HK-HS-TF-D3128G.webp
HK-HS-TF-E1/128G,HK-HS-TF-E1/128G,MEMORIA MICRO SD 128GB NEO PLUS,ALMACENAMIENTO,Hikvision,52.48,100,active,HK-HS-TF-E1128G.webp
HK-HS-TF-E3/256G,HK-HS-TF-E3/256G,MEMORIA MICRO SD 256GB CAPTURE,ALMACENAMIENTO,Hikvision,118.73,100,active,HK-HS-TF-E3256G.webp
HK-HS-TF-E1/256G,HK-HS-TF-E1/256G,MEMORIA MICRO SD 256GB NEO PLUS,ALMACENAMIENTO,Hikvision,104.94,100,active,HK-HS-TF-E1256G.webp
HK-HS-TF-E1/512G,HK-HS-TF-E1/512G,MEMORIA MICRO SD 512GB NEO PLUS,ALMACENAMIENTO,Hikvision,211.47,100,active,HK-HS-TF-E1512G.webp
HY-SM08M3,HY-SM08M3,MICROFONO ALTAVOZ PARA RADIO,RADIOS MOVILES,Hytera,106.00,100,active,HY-SM08M3.webp
WD-MICROSD-128GB,WD-MICROSD-128GB,MICROSD 128GB PARA VIDEO VIGILANCIA - PURPLE,ALMACENAMIENTO,Western Digital,54.05,100,active,WD-MICROSD-128GB.webp
WD-MICROSD-256GB,WD-MICROSD-256GB,MICROSD 256GB PARA VIDEO VIGILANCIA - PURPLE,ALMACENAMIENTO,Western Digital,147.33,100,active,WD-MICROSD-256GB.webp
WD-MICROSD-32GB,WD-MICROSD-32GB,MICROSD 32GB PARA VIDEO VIGILANCIA - PURPLE,ALMACENAMIENTO,Western Digital,19.88,100,active,WD-MICROSD-32GB.webp
WD-MICROSD-64GB,WD-MICROSD-64GB,MICROSD 64GB PARA VIDEO VIGILANCIA - PURPLE,ALMACENAMIENTO,Western Digital,26.50,100,active,WD-MICROSD-64GB.webp
HK-DS2CE16D0T-LPTS,HK-DS2CE16D0T-LPTS,MINI BULLET 2MP AUDIO 2 VIAS SMART HYBRID LIGHT IR20M 2.8MM,CCTV,Hikvision,91.63,100,active,HK-DS2CE16D0T-LPTS.webp
HK-DS-UPS18D-Z,HK-DS-UPS18D-Z,MINI UPS 5V/9V/12VDC CARGADOR USB 18WATTS 8000 mAH,"FUENTES, TRANSFORMADORES Y UPS",Hikvision,88.51,100,active,HK-DS-UPS18D-Z.webp
FZ-DC-140USB,FZ-DC-140USB,MINI UPS PORTATIL 14W 5/9/12V USB,"FUENTES, TRANSFORMADORES Y UPS",Forza,110.24,100,active,FZ-DC-140USB.webp
ZK-C2-260,ZK-C2-260,MODULO CONTROLADOR 2 PUERTAS,CONTROL ACCESO Y ASISTENCIA,ZKTeco,371.00,100,active,ZK-C2-260.webp
TP-PSM900-AC,TP-PSM900-AC,MODULO DE ALIMENTACION 900W AC,NETWORKING,TP-Link,1685.88,100,active,TP-PSM900-AC.webp
CO-MDCRM,CO-MDCRM,MODULO DE CONEXION REMOTA,ALARMA INCENDIOS,Cofem,524.70,100,active,CO-MDCRM.webp
HK-DS-KD-KP,HK-DS-KD-KP,MODULO PARA VIDEOPORTERO 12 BOTONES,VIDEO PORTEROS E INTERCOMUNICADORES,Hikvision,249.09,100,active,HK-DS-KD-KP.webp
HK-DS-KD-K12,HK-DS-KD-K12,MODULO PARA VIDEOPORTERO 12 DEPARTAMENTOS,VIDEO PORTEROS E INTERCOMUNICADORES,Hikvision,141.51,100,active,HK-DS-KD-K12.webp
HK-DS-KD-KK,HK-DS-KD-KK,MODULO PARA VIDEOPORTERO 6 BOTONES,VIDEO PORTEROS E INTERCOMUNICADORES,Hikvision,113.96,100,active,HK-DS-KD-KK.webp
HK-DS-KD-E,HK-DS-KD-E,MODULO PROXMIDAD PARA VIDEOPORTERO,VIDEO PORTEROS E INTERCOMUNICADORES,Hikvision,157.42,100,active,HK-DS-KD-E.webp
HK-SFP-1.25G-20-1310,HK-SFP-1.25G-20-1310,MODULO SFP 1310,CCTV,Hikvision,83.47,100,active,HK-SFP-1.25G-20-1310.webp
HK-SFP-1.25G-20-1310-D,HK-SFP-1.25G-20-1310-D,MODULO SFP 1310-DF,CCTV,Hikvision,57.25,100,active,HK-SFP-1.25G-20-1310-D.webp
HK-SFP-1.25G-20-1310-DF-MM,HK-SFP-1.25G-20-1310-DF-MM,MODULO SFP 1310-DF-MM,CCTV,Hikvision,62.53,100,active,HK-SFP-1.25G-20-1310-DF-MM.webp
HK-SFP-1.25G-20-1550,HK-SFP-1.25G-20-1550,MODULO SFP 1550,CCTV,Hikvision,111.30,100,active,HK-SFP-1.25G-20-1550.webp
HK-AE-MP1460/GLF/WI58/S,HK-AE-MP1460/GLF/WI58/S,MODULO WIFI Y 4G PARA VEHICULO,CCTV,Hikvision,1060.00,100,active,HK-AE-MP1460GLFWI58S.webp
HK-DS-D5019S0-1P0,HK-DS-D5019S0-1P0,"MONITOR 18.5"" LCD 1366 X 768 - 220V""""""",CCTV,Hikvision,274.54,100,active,HK-DS-D5019S0-1P0.webp
HK-DS-D5032F3,HK-DS-D5032F3,"MONITOR 32"" 1920 X 1080  VESA""""""",CCTV,Hikvision,592.28,100,active,HK-DS-D5032F3.webp
HK-DS-D5043QE,HK-DS-D5043QE,"MONITOR 42.5"" 1920 X 1080  VESA""""""",CCTV,Hikvision,1266.70,100,active,HK-DS-D5043QE.webp
HK-DS-D5043F3-1V0S,HK-DS-D5043F3-1V0S,"MONITOR 43"" 1920 X 1080  VESA""""""",CCTV,Hikvision,1280.48,100,active,HK-DS-D5043F3-1V0S.webp
HK-DS-D5043U3-1V0S,HK-DS-D5043U3-1V0S,"MONITOR 43"" ULTRA HD 3840 X 2160 C/AUDIO""""""",CCTV,Hikvision,1722.50,100,active,HK-DS-D5043U3-1V0S.webp
CS-SD7-R100-1WTC,CS-SD7-R100-1WTC,"MONITOR 7"" ADICIONAL PARA VIDEOPORTERO CON WIFI""""""",CCTV,EZVIZ,366.39,100,active,CS-SD7-R100-1WTC.webp
HK-DS-KH2230T,HK-DS-KH2230T,MONITOR ADICIONAL P/VIDEO PORTERO ANALOGICO HK-DS-KIS213,VIDEO PORTEROS E INTERCOMUNICADORES,Hikvision,192.49,100,active,HK-DS-KH2230T.webp
HK-DS-MP1301,HK-DS-MP1301,"MONITOR LCD PANTALLA TACTIL 7"" CON SOPORTE""""""",VIDEO PORTEROS E INTERCOMUNICADORES,Hikvision,371.00,100,active,HK-DS-MP1301.webp
HK-DS-KH6110-WE1,HK-DS-KH6110-WE1,"MONITOR VIDEO PORTERO 4.3"" P/INTERIOR""""""",VIDEO PORTEROS E INTERCOMUNICADORES,Hikvision,253.45,100,active,HK-DS-KH6110-WE1.webp
HK-DS-KH6350-WTE1,HK-DS-KH6350-WTE1,MONITOR VIDEO PORTERO 7 P/INTERIOR WIFI (2),VIDEO PORTEROS E INTERCOMUNICADORES,Hikvision,339.20,100,active,HK-DS-KH6350-WTE1.webp
HK-DS-KD-ACF2/PLASTIC,HK-DS-KD-ACF2/PLASTIC,MONTAJE EMPOTRADO PARA DOS MODULOS DE VIDEOPORTERO,VIDEO PORTEROS E INTERCOMUNICADORES,Hikvision,102.78,100,active,HK-DS-KD-ACF2PLASTIC.webp
HK-DS-KD-ACF3/PLASTIC,HK-DS-KD-ACF3/PLASTIC,MONTAJE EMPOTRADO PARA TRES MODULOS DE VIDEOPORTERO,VIDEO PORTEROS E INTERCOMUNICADORES,Hikvision,123.43,100,active,HK-DS-KD-ACF3PLASTIC.webp
HK-DS-KD-ACF1/PLASTIC,HK-DS-KD-ACF1/PLASTIC,MONTAJE EMPOTRADO PARA UN MODULO DE VIDEOPORTERO,VIDEO PORTEROS E INTERCOMUNICADORES,Hikvision,83.84,100,active,HK-DS-KD-ACF1PLASTIC.webp
CS-R5C-R100-8F,CS-R5C-R100-8F,NAS HOME STORAGE WIFI SOPORTA 8CH Y HDD HASTA 8TB,CCTV,EZVIZ,259.70,100,active,CS-R5C-R100-8F.webp
HK-DS7616NI-Q2,HK-DS7616NI-Q2,NVR 16CH 2 SATA,CCTV,Hikvision,461.05,100,active,HK-DS7616NI-Q2.webp
HK-DS7716NXI-K4,HK-DS7716NXI-K4,NVR 16CH HASTA 4 HDD (5),CCTV,Hikvision,1265.10,100,active,HK-DS7716NXI-K4.webp
HK-DS7616NI-Q2/16P,HK-DS7616NI-Q2/16P,NVR 16CH POE 2 SATA,CCTV,Hikvision,905.18,100,active,HK-DS7616NI-Q216P.webp
HK-DS7716NI-K4/16P,HK-DS7716NI-K4/16P,NVR 16CH POE HASTA 4 HDD,CCTV,Hikvision,1687.36,100,active,HK-DS7716NI-K416P.webp
HK-DS7732NXI-K4,HK-DS7732NXI-K4,NVR 32CH HASTA 4 HDD (3),CCTV,Hikvision,1335.60,100,active,HK-DS7732NXI-K4.webp
HK-DS9632NI-M8,HK-DS9632NI-M8,NVR 32CH HASTA 8HDD HDMI H264,CCTV,Hikvision,4870.70,100,active,HK-DS9632NI-M8.webp
HK-DS7732NI-K4/16P,HK-DS7732NI-K4/16P,NVR 32CH POE HASTA 4 HDD,CCTV,Hikvision,1823.20,100,active,HK-DS7732NI-K416P.webp
HK-DS7104NI-Q1,HK-DS7104NI-Q1,NVR 4CH 1 SATA,CCTV,Hikvision,186.62,100,active,HK-DS7104NI-Q1.webp
HK-DS7104NI-Q1/4P,HK-DS7104NI-Q1/4P,NVR 4 CH POE 1 SATA,CCTV,Hikvision,318.96,100,active,HK-DS7104NI-Q14P.webp
CS-X5S-4W,CS-X5S-4W,NVR 4CH SIN DISCO DURO WIFI,CCTV,EZVIZ,161.66,100,active,CS-X5S-4W.webp
HK-DS9664NI-M8,HK-DS9664NI-M8,NVR 64CH 8SATA - 220V (2),CCTV,Hikvision,6534.90,100,active,HK-DS9664NI-M8.webp
HK-DS7608NI-Q1,HK-DS7608NI-Q1,NVR 8CH 1 SATA,CCTV,Hikvision,330.56,100,active,HK-DS7608NI-Q1.webp
HK-DS7608NI-Q1/8P,HK-DS7608NI-Q1/8P,NVR 8CH POE 1 SATA,CCTV,Hikvision,559.20,100,active,HK-DS7608NI-Q18P.webp
CS-X5S-8W,CS-X5S-8W,NVR 8CH SIN DISCO DURO WIFI,CCTV,EZVIZ,188.16,100,active,CS-X5S-8W.webp
HK-AE-MN5043(1T)M12,HK-AE-MN5043(1T)M12,NVR MOVIL CON DISCO DURO 1TB SSD,CCTV,Hikvision,2459.20,100,active,HK-AE-MN5043(1T)M12.webp
HK-DS2CD2955G0-ISU,HK-DS2CD2955G0-ISU,OJO DE PEZ IP 5MP LENTE 1.05MM PANORAMICA 180Â°,CCTV,Hikvision,672.78,100,active,HK-DS2CD2955G0-ISU.webp
TP-SM5110-LR,TP-SM5110-LR,OMADA 10GBASE-LR SFP+ LC TRANSCEIVER,NETWORKING,TP-Link,134.88,100,active,TP-SM5110-LR.webp
TP-SM5110-SR,TP-SM5110-SR,OMADA 10GBASE-SR SFP+ TRANSCEIVER,NETWORKING,TP-Link,77.27,100,active,TP-SM5110-SR.webp
TP-SM5220-1M,TP-SM5220-1M,OMADA 1M DIRECT ATTACH SFP+ CABLE FOR 10 GIGABIT CONNECTIONS,NETWORKING,TP-Link,94.30,100,active,TP-SM5220-1M.webp
TP-TL-SG3428,TP-TL-SG3428,OMADA SWITCH 24P GIGABIT L2+ ADM CON 4 SFP SLOTS,NETWORKING,TP-Link,814.50,100,active,TP-TL-SG3428.webp
ZK-PS902B,ZK-PS902B,P-1205-B2 FUENTE C CARG DE BAT 220VAC SAL 12VDC 5AMP,"FUENTES, TRANSFORMADORES Y UPS",ZKTeco,86.39,100,active,ZK-PS902B.webp
ZK-EC10,ZK-EC10,PANEL CONTROLADOR DE ACCESO P/ASCENSOR,CONTROL ACCESO Y ASISTENCIA,ZKTeco,1384.63,100,active,ZK-EC10.webp
CS-CMT-SOLAR,CS-CMT-SOLAR,PANEL SOLAR 6V-1030mA PARA CAMARA EZVIZ,CCTV,EZVIZ,98.58,100,active,CS-CMT-SOLAR.webp
NEW-2777724,NEW-2777724,PATCH CAT6A PANEL 24 PUERTOS,NETWORKING,NEWLINK,259.70,100,active,NEW-2777724.webp
NEW-2666624,NEW-2666624,PATCH CAT6A PANEL 24 PUERTOS (2),NETWORKING,NEWLINK,206.70,100,active,NEW-2666624.webp
NEW-17701BL,NEW-17701BL,PATCH CORD CAT6A 1 PIE AZUL,NETWORKING,NEWLINK,4.51,100,active,NEW-17701BL.webp
NEW-17703BL,NEW-17703BL,PATCH CORD CAT6A 3 PIES AZUL,NETWORKING,NEWLINK,7.95,100,active,NEW-17703BL.webp
NEW-17707BL,NEW-17707BL,PATCH CORD CAT6A 7 PIES AZUL,NETWORKING,NEWLINK,13.78,100,active,NEW-17707BL.webp
HK-DS-PDP18-EG2,HK-DS-PDP18-EG2,PIR CABLEADO 18M,ALARMA ROBOS,Hikvision,23.38,100,active,HK-DS-PDP18-EG2.webp
HK-DS-PDCL12-EG2,HK-DS-PDCL12-EG2,PIR PARA TECHO CABLEADO,ALARMA ROBOS,Hikvision,59.68,100,active,HK-DS-PDCL12-EG2.webp
CS-T1C,CS-T1C,PIR SENSOR DE MOVIMIENTO 90Â° INALAMBRICO,ALARMA ROBOS,EZVIZ,63.60,100,active,CS-T1C.webp
HK-DS-D5B65RB/C,HK-DS-D5B65RB/C,PIZARRA INTERACTIVA 4K 65 PULGADAS,CCTV,Hikvision,5060.27,100,active,HK-DS-D5B65RBC.webp
HK-DS-D5C75RB/B,HK-DS-D5C75RB/B,PIZARRA INTERACTIVA 4K 75 PULGADAS 8GB RAM,CCTV,Hikvision,11113.45,100,active,HK-DS-D5C75RBB.webp
HK-DS-D5C86RB/B,HK-DS-D5C86RB/B,PIZARRA INTERACTIVA 4K 86 PULGADAS 8GB RAM,CCTV,Hikvision,16873.58,100,active,HK-DS-D5C86RBB.webp
HK-DS-KV9503-WBE1,HK-DS-KV9503-WBE1,"PORTERO IP CON PANTALLA 4.3"" METALICO ANTIVANDALICO""""""",VIDEO PORTEROS E INTERCOMUNICADORES,Hikvision,1014.95,100,active,HK-DS-KV9503-WBE1.webp
ZK-CR60W,ZK-CR60W,PROGRAMADOR DE TARJETA MIFARE SOLUCION HOTELERA,CONTROL ACCESO Y ASISTENCIA,ZKTeco,222.59,100,active,ZK-CR60W.webp
FZ-FVP-6630B,FZ-FVP-6630B,PROTECTOR DE VOLTAJE 880J/6600W 30A 4HP - 220V,"FUENTES, TRANSFORMADORES Y UPS",Forza,72.60,100,active,FZ-FVP-6630B.webp
FZ-FVP-1212B-NG,FZ-FVP-1212B-NG,PROT ELEC BLANCO ZION  900J/1500W 2K10 SIN TIERRA 220V.,"FUENTES, TRANSFORMADORES Y UPS",Forza,38.16,100,active,FZ-FVP-1212B-NG.webp
HK-DS2CE70D0T-PTLTS,HK-DS2CE70D0T-PTLTS,PT 2MP SMART HYBRID LIGHT IR 25M 2.8MM AUDIO 2 VIAS,CCTV,Hikvision,118.24,100,active,HK-DS2CE70D0T-PTLTS.webp
HK-DS2CV2Q21G1-IDW,HK-DS2CV2Q21G1-IDW,PT IP WIFI INTERIOR 2MP IR10M 4MM,CCTV,Hikvision,118.19,100,active,HK-DS2CV2Q21G1-IDW.webp
CO-PUCAR,CO-PUCAR,PULSADOR DE ALARMA REARMABLE CONVENCIONAL,ALARMA INCENDIOS,Cofem,43.68,100,active,CO-PUCAR.webp
CO-PUCAY,CO-PUCAY,PULSADOR DE ALARMA REARMABLE DIRECCIONABLE LYON,ALARMA INCENDIOS,Cofem,105.63,100,active,CO-PUCAY.webp
HK-DS-MH1901,HK-DS-MH1901,RACK DE PARED PARA CARGADOR DE BODYCAMS,CCTV,Hikvision,583.00,100,active,HK-DS-MH1901.webp
ZK-VR10-PRO,ZK-VR10-PRO,RADAR DETECTOR DE VEHICULO,CONTROL ACCESO Y ASISTENCIA,ZKTeco,720.80,100,active,ZK-VR10-PRO.webp
HY-BD506-VHF,HY-BD506-VHF,RADIO 136-174MHZ VHF DMR 2 IP54,RADIOS MOVILES,Hytera,630.83,100,active,HY-BD506-VHF.webp
HY-BD616-VHF,HY-BD616-VHF,RADIO 136-174MHZ VHF DMR 2 IP66,RADIOS MOVILES,Hytera,692.95,100,active,HY-BD616-VHF.webp
HY-BD506-UHF,HY-BD506-UHF,RADIO 400-470MHZ UHF DMR 2 IP54,RADIOS MOVILES,Hytera,699.60,100,active,HY-BD506-UHF.webp
HY-BD616-UHF,HY-BD616-UHF,RADIO 400-470MHZ UHF DMR 2 IP66,RADIOS MOVILES,Hytera,692.95,100,active,HY-BD616-UHF.webp
HY-TC-508-VHF,HY-TC-508-VHF,RADIO ANALOGICA 136-174Mhz 5W 16CH,RADIOS MOVILES,Hytera,396.44,100,active,HY-TC-508-VHF.webp
HY-TC-320-UHF,HY-TC-320-UHF,RADIO ANALOGICA 400-470Mhz 2W 16CH,RADIOS MOVILES,Hytera,323.30,100,active,HY-TC-320-UHF.webp
HY-TC-508-UHF,HY-TC-508-UHF,RADIO ANALOGICA 400-470Mhz 4W 16CH,RADIOS MOVILES,Hytera,396.44,100,active,HY-TC-508-UHF.webp
HY-AP516-UHF,HY-AP516-UHF,RADIO ANALOGICA UHF 400-470Mhz,RADIOS MOVILES,Hytera,503.51,100,active,HY-AP516-UHF.webp
HY-AP516-VHF,HY-AP516-VHF,RADIO ANALOGICA VHF 136-174Mhz 32CH,RADIOS MOVILES,Hytera,519.40,100,active,HY-AP516-VHF.webp
HY-AP516,HY-AP516,RADIO ANALOGICA VHF 136-174Mhz 32CH,RADIOS MOVILES,Hytera,519.40,100,active,HY-AP516.webp
HY-BP516LF,HY-BP516LF,RADIO BANDA LIBRE 462.55-467.7125MHZ DMR,CCTV,Hytera,683.70,100,active,HY-BP516LF.webp
HY-PNC360S,HY-PNC360S,RADIO HANDY POC LTE ULTRA COMPACTO 1GB+8GBWIFIBTGPS4GRED CELULAR,RADIOS MOVILES,Hytera,678.41,100,active,HY-PNC360S.webp
HY-PNC380,HY-PNC380,RADIO POC 1GB+8GBWI-FIBTGPS4GRED CELULAR,RADIOS MOVILES,Hytera,1139.49,100,active,HY-PNC380.webp
HY-PT580H PLUS,HY-PT580H PLUS,RADIO PORTATIL TETRA UHF 380-430 MHZ,RADIOS MOVILES,Hytera,5141.00,100,active,HY-PT580H PLUS.webp
HY-PNC560,HY-PNC560,RADIO SMARTPHONE 5G POC LTE,RADIOS MOVILES,Hytera,5294.69,100,active,HY-PNC560.webp
ST-MULTITOMA,ST-MULTITOMA,REGLETA DE 8 ENTRADAS 15AMP/125VAC,NETWORKING,Western Digital,84.80,100,active,ST-MULTITOMA.webp
FZ-FPS-005B,FZ-FPS-005B,REGLETA NEGRA 6 TOMAS (2),"FUENTES, TRANSFORMADORES Y UPS",Forza,17.28,100,active,FZ-FPS-005B.webp
FZ-FPS-001B,FZ-FPS-001B,REGLETA NEGRA 6 TOMAS CABLE 90 CM,"FUENTES, TRANSFORMADORES Y UPS",Forza,16.47,100,active,FZ-FPS-001B.webp
FZ-PS-1006B,FZ-PS-1006B,REGLETA NEGRA 6 TOMAS CON CABLE DE 3M,"FUENTES, TRANSFORMADORES Y UPS",Forza,48.33,100,active,FZ-PS-1006B.webp
HK-DS-1LN6-OUSPE,HK-DS-1LN6-OUSPE,ROLLO DE CABLE 4 PARES EXTERIOR CAT6,NETWORKING,Hikvision,529.36,100,active,HK-DS-1LN6-OUSPE.webp
HK-DS-1LN6-UE-W,HK-DS-1LN6-UE-W,ROLLO DE CABLE 4 PARES INTERIOR CAT6,NETWORKING,Hikvision,464.28,100,active,HK-DS-1LN6-UE-W.webp
ZK-PSA03,ZK-PSA03,ROLLO DE CABLE DE 100M PARA BARRERA VEHICULAR,CONTROL ACCESO Y ASISTENCIA,ZKTeco,130.58,100,active,ZK-PSA03.webp
NEW-9805742,NEW-9805742,ROLLO DE CABLE INT CAT5E CM 24 AWG 1000FT AZUL,NETWORKING,NEWLINK,440.73,100,active,NEW-9805742.webp
HK-DS-1LN5E-E/E,HK-DS-1LN5E-E/E,ROLLO DE CABLE UTP 4 PARES CATEGORIA 5E,NETWORKING,Hikvision,365.43,100,active,HK-DS-1LN5E-EE.webp
HK-DS-1LN5EO-UU/E,HK-DS-1LN5EO-UU/E,ROLLO DE CABLE UTP 4 PARES CATEGORIA 5E EXTERIOR,NETWORKING,Hikvision,391.68,100,active,HK-DS-1LN5EO-UUE.webp
TP-TL-WR840N,TP-TL-WR840N,ROUTER 300MBPS 2.4GHZ 2 ANTENAS INALAMBRICO,NETWORKING,TP-Link,64.92,100,active,TP-TL-WR840N.webp
TP-TL-WR850N,TP-TL-WR850N,ROUTER 300MBPS 2.4GHZ 2 ANTENAS INALAMBRICO (2),NETWORKING,TP-Link,64.92,100,active,TP-TL-WR850N.webp
TP-TL-MR6400(APAC),TP-TL-MR6400(APAC),ROUTER 300MBPS WIRELESS N 4G LTE,NETWORKING,TP-Link,339.57,100,active,TP-TL-MR6400(APAC).webp
TP-ARCHER-C64,TP-ARCHER-C64,ROUTER AC1200 DOBLE BANDA 2.4-5GHZ GIGABIT,NETWORKING,TP-Link,143.58,100,active,TP-ARCHER-C64.webp
TP-ARCHER-C58HP,TP-ARCHER-C58HP,ROUTER AC1350 WIFI HIGH POWER,NETWORKING,TP-Link,309.26,100,active,TP-ARCHER-C58HP.webp
TP-ARCHER-A10,TP-ARCHER-A10,ROUTER AC2600 DUAL BAND WIFI,NETWORKING,TP-Link,381.96,100,active,TP-ARCHER-A10.webp
TP-ARCHER-AX10,TP-ARCHER-AX10,ROUTER AX1500 WI FI 6,NETWORKING,TP-Link,228.28,100,active,TP-ARCHER-AX10.webp
TP-ARCHER-AX12,TP-ARCHER-AX12,ROUTER AX1500 WI FI 6 DUAL-BAND,CCTV,TP-Link,163.14,100,active,TP-ARCHER-AX12.webp
TP-ARCHER-AX23,TP-ARCHER-AX23,ROUTER AX1800 DUALBAND WI FI 6,NETWORKING,TP-Link,252.96,100,active,TP-ARCHER-AX23.webp
TP-ARCHER-AX53,TP-ARCHER-AX53,ROUTER AX3000 WI FI 6 DUAL-BAND,NETWORKING,TP-Link,280.16,100,active,TP-ARCHER-AX53.webp
TP-ER605,TP-ER605,ROUTER GIGABIT MULTI WAN VPN,NETWORKING,TP-Link,269.71,100,active,TP-ER605.webp
TP-ER7206,TP-ER7206,ROUTER GIGABIT MULTI WAN VPN SAFESTREAM,NETWORKING,TP-Link,619.10,100,active,TP-ER7206.webp
TP-TL-WR841HP,TP-TL-WR841HP,ROUTER HIGH POWER 300MBPS 2.4GHZ 2 ANTENAS - ROMPE MUROS,NETWORKING,TP-Link,163.14,100,active,TP-TL-WR841HP.webp
TP-ER8411,TP-ER8411,ROUTER VPN OMADA CON PUERTO 10G SFP+ PUERTO WAN,CCTV,TP-Link,1888.18,100,active,TP-ER8411.webp
TP-ER7212PC,TP-ER7212PC,ROUTER VPN OMADA GIGABIT POE+ PORTS,NETWORKING,TP-Link,890.40,100,active,TP-ER7212PC.webp
TP-ARCHER-C24,TP-ARCHER-C24,ROUTER WIFI DOBLE BANDA 2.4-5GHZ (2),NETWORKING,TP-Link,90.90,100,active,TP-ARCHER-C24.webp
TP-ARCHER-C20,TP-ARCHER-C20,ROUTER WIFI DOBLE BANDA 2.4-5GHZ 3 ANTENAS,NETWORKING,TP-Link,105.10,100,active,TP-ARCHER-C20.webp
TP-ARCHER-C50,TP-ARCHER-C50,ROUTER WIFI DOBLE BANDA 2.4-5GHZ 4 ANTENAS,NETWORKING,TP-Link,106.37,100,active,TP-ARCHER-C50.webp
TP-ARCHER-C80,TP-ARCHER-C80,ROUTER WIFI DOBLE BANDA 2.4-5GHZ 6 ANTENAS,NETWORKING,TP-Link,203.63,100,active,TP-ARCHER-C80.webp
ZK-SLK20R,ZK-SLK20R,SENSOR DE HUELLAS DIGITALES,CONTROL ACCESO Y ASISTENCIA,ZKTeco,397.50,100,active,ZK-SLK20R.webp
CS-T10C,CS-T10C,SENSOR DE HUMEDAD INALAMBRICO,ALARMA ROBOS,EZVIZ,76.85,100,active,CS-T10C.webp
HK-DS-PDSMK-4,HK-DS-PDSMK-4,SENSOR DE HUMO CABLEADO 4 HILOS,CCTV,Hikvision,38.16,100,active,HK-DS-PDSMK-4.webp
CS-T4C,CS-T4C,SENSOR DE HUMO INALAMBRICO CON SIRENA Y LUZ ESTROBOSCOPICA,ALARMA ROBOS,EZVIZ,145.74,100,active,CS-T4C.webp
CO-A50S,CO-A50S,SENSOR DE HUMO OPTICO DIRECCIONABLE,ALARMA INCENDIOS,Cofem,123.34,100,active,CO-A50S.webp
CO-C50SH,CO-C50SH,SENSOR DE HUMO Y TEMPERATURA | CONVENCIONAL SERIE 50,ALARMA INCENDIOS,Cofem,60.95,100,active,CO-C50SH.webp
HK-DS-PDSK-P,HK-DS-PDSK-P,SENSOR DE IMPACTO CABLEADO,ALARMA ROBOS,Hikvision,43.40,100,active,HK-DS-PDSK-P.webp
CO-C50T,CO-C50T,SENSOR DE TEMPERATURA CONVENCIONAL SERIE 50,ALARMA INCENDIOS,Cofem,35.51,100,active,CO-C50T.webp
CS-T51C,CS-T51C,SENSOR DE TEMPERATURA Y HUMEDAD INALAMBRICO,ALARMA ROBOS,EZVIZ,78.98,100,active,CS-T51C.webp
CO-SCO,CO-SCO,SENSOR MONOXIDO DE CARBONO SCO,ALARMA INCENDIOS,Cofem,227.90,100,active,CO-SCO.webp
CO-A50H,CO-A50H,SENSOR TERMICO DIRECCIONABLE A50,ALARMA INCENDIOS,Cofem,128.73,100,active,CO-A50H.webp
ZK-EAS-D01,ZK-EAS-D01,SEPARADOR MAGNETICO DE TAGS ROBO EN TIENDA,CONTROL ACCESO Y ASISTENCIA,ZKTeco,21.20,100,active,ZK-EAS-D01.webp
ZK-EAS-D10N,ZK-EAS-D10N,SEPARADOR MAGNETICO DE TAGS ROBO EN TIENDA (2),CONTROL ACCESO Y ASISTENCIA,ZKTeco,53.00,100,active,ZK-EAS-D10N.webp
HK-HIKCENTRAL-P-VSS-BASE/HW/64CH,HK-HIKCENTRAL-P-VSS-BASE/HW/64CH,SERVIDOR HARDWARE Y SOFTWARE 64CH PLUG AND PLAY,CCTV,Hikvision,28619.96,100,active,HK-HIKCENTRAL-P-VSS-BASEHW64CH.webp
HK-DS-PS1-R,HK-DS-PS1-R,SIRENA CABLEADA CON LUZ,ALARMA ROBOS,Hikvision,52.48,100,active,HK-DS-PS1-R.webp
CS-T9C,CS-T9C,SIRENA INALAMBRICA 105DB,ALARMA ROBOS,EZVIZ,164.29,100,active,CS-T9C.webp
CO-SIR24F,CO-SIR24F,SIRENA INTERIOR CON FLASH 24V ACUSTICA CON LUZ,ALARMA INCENDIOS,Cofem,141.67,100,active,CO-SIR24F.webp
ZK-AM10(SLAVE),ZK-AM10(SLAVE),SISTEMA DETECTOR ROBO EN TIENDA (ESCLAVO) ABS,CONTROL ACCESO Y ASISTENCIA,ZKTeco,371.00,100,active,ZK-AM10(SLAVE).webp
ZK-AM10A(SLAVE),ZK-AM10A(SLAVE),SISTEMA DETECTOR ROBO EN TIENDA (ESCLAVO) ACRILICO,CONTROL ACCESO Y ASISTENCIA,ZKTeco,530.00,100,active,ZK-AM10A(SLAVE).webp
ZK-RF20M,ZK-RF20M,SISTEMA DETECTOR ROBO EN TIENDA (TX+RX) ALUMINIO,CONTROL ACCESO Y ASISTENCIA,ZKTeco,794.99,100,active,ZK-RF20M.webp
TP-DECO-X50-POE(1P),TP-DECO-X50-POE(1P),SISTEMA WIFI 6 CON POE MESH AX3000 HOME (PACK X 1),NETWORKING,TP-Link,404.07,100,active,TP-DECO-X50-POE(1P).webp
TP-DECO-X50-POE(2P),TP-DECO-X50-POE(2P),SISTEMA WIFI 6 CON POE MESH AX3000 HOME (PACK X 2),NETWORKING,TP-Link,781.65,100,active,TP-DECO-X50-POE(2P).webp
TP-DECO-X50-POE(3P),TP-DECO-X50-POE(3P),SISTEMA WIFI 6 CON POE MESH AX3000 HOME (PACK X 3),NETWORKING,TP-Link,1172.47,100,active,TP-DECO-X50-POE(3P).webp
TP-DECO-X10(2P),TP-DECO-X10(2P),SISTEMA WIFI 6 MESH AX1500 (PACK X 2),NETWORKING,TP-Link,416.74,100,active,TP-DECO-X10(2P).webp
TP-DECO-X10(3P),TP-DECO-X10(3P),SISTEMA WIFI 6 MESH AX1500 (PACK X 3),NETWORKING,TP-Link,619.10,100,active,TP-DECO-X10(3P).webp
TP-DECO-X20(1P),TP-DECO-X20(1P),SISTEMA WIFI 6 MESH AX1800 (PACK X 1),NETWORKING,TP-Link,293.41,100,active,TP-DECO-X20(1P).webp
TP-DECO-X20(3P),TP-DECO-X20(3P),SISTEMA WIFI 6 MESH AX1800 (PACK X 3),NETWORKING,TP-Link,846.78,100,active,TP-DECO-X20(3P).webp
TP-DECO-X50(3P),TP-DECO-X50(3P),SISTEMA WIFI 6 MESH AX3000 HOME (PACK X 3),NETWORKING,TP-Link,977.06,100,active,TP-DECO-X50(3P).webp
TP-DECO-E4(1P),TP-DECO-E4(1P),SISTEMA WIFI MESH 300MBPS DUAL 2.4-5GHZ (PACK X 1),NETWORKING,TP-Link,143.58,100,active,TP-DECO-E4(1P).webp
TP-DECO-E4(2P),TP-DECO-E4(2P),SISTEMA WIFI MESH 300MBPS DUAL 2.4-5GHZ (PACK X 2),NETWORKING,TP-Link,273.80,100,active,TP-DECO-E4(2P).webp
TP-DECO-E4(3P),TP-DECO-E4(3P),SISTEMA WIFI MESH 300MBPS DUAL 2.4-5GHZ  (PACK X 3),NETWORKING,TP-Link,404.07,100,active,TP-DECO-E4(3P).webp
TP-DECO-M4(3P),TP-DECO-M4(3P),SISTEMA WIFI MESH 300MBPS DUAL 2.4-5GHZ (PACK X 3),NETWORKING,TP-Link,495.18,100,active,TP-DECO-M4(3P).webp
TP-DECO-M5(2P),TP-DECO-M5(2P),SISTEMA WIFI MESH 400MBPS DUAL 2.4-5GHZ (PACK X 2),NETWORKING,TP-Link,534.34,100,active,TP-DECO-M5(2P).webp
TP-DECO-M5(3P),TP-DECO-M5(3P),SISTEMA WIFI MESH 400MBPS DUAL 2.4-5GHZ (PACK X 3),NETWORKING,TP-Link,755.72,100,active,TP-DECO-M5(3P).webp
TP-DECO-S7(2P),TP-DECO-S7(2P),SISTEMA WIFI MESH AC1900 (PACK X 2),NETWORKING,TP-Link,410.43,100,active,TP-DECO-S7(2P).webp
TP-DECO-S7(3P),TP-DECO-S7(3P),SISTEMA WIFI MESH AC1900 (PACK X 3),NETWORKING,TP-Link,586.22,100,active,TP-DECO-S7(3P).webp
TP-DECO-M9PLUS(2P),TP-DECO-M9PLUS(2P),SISTEMA WIFI MESH AC2200 TRI-BANDA (PACK X 2),NETWORKING,TP-Link,915.68,100,active,TP-DECO-M9PLUS(2P).webp
FZ-FX-1500LCD-U,FZ-FX-1500LCD-U,SMART UPS 8 TOMAS 1500VA / 840W 220V 8-NEMA 45-65HZ,"FUENTES, TRANSFORMADORES Y UPS",Forza,844.29,100,active,FZ-FX-1500LCD-U.webp
FZ-FX-2200LCD-U,FZ-FX-2200LCD-U,SMART UPS 8 TOMAS 2200VA / 1200W 220V 8-NEMA 45-65HZ,"FUENTES, TRANSFORMADORES Y UPS",Forza,939.87,100,active,FZ-FX-2200LCD-U.webp
HK-DS-2909ZJ,HK-DS-2909ZJ,SOPORTE ADAPTADOR DE C. TERMICA Y TRIPODE (2),CCTV,Hikvision,47.70,100,active,HK-DS-2909ZJ.webp
HK-DS-D5ABKY2-S,HK-DS-D5ABKY2-S,"SOPORTE DE PISO PARA PIZARRA INTERACTIVA 65-75""""""""",CCTV,Hikvision,1221.91,100,active,HK-DS-D5ABKY2-S.webp
HK-DS-D5ABKY2-B,HK-DS-D5ABKY2-B,"SOPORTE DE PISO PARA PIZARRA INTERACTIVA 86""""""""",CCTV,Hikvision,2024.80,100,active,HK-DS-D5ABKY2-B.webp
HK-DS1661ZJ,HK-DS1661ZJ,SOPORTE DE TECHO METALICO LARGO PARA PTZ HIKVISION,CCTV,Hikvision,208.82,100,active,HK-DS1661ZJ.webp
HK-DS1663ZJ,HK-DS1663ZJ,SOPORTE DE TECHO METALICO PARA PTZ HIKVISION,CCTV,Hikvision,40.18,100,active,HK-DS1663ZJ.webp
CS-CMT-BRACKET-WALLMOUNT,CS-CMT-BRACKET-WALLMOUNT,SOPORTE INTERIOR PARA PARED P/CAMARA PT C/MOV,CCTV,EZVIZ,14.58,100,active,CS-CMT-BRACKET-WALLMOUNT.webp
ZK-PFA151,ZK-PFA151,SOPORTE METALICO DE CAMARA PARA ESQUINA,CCTV,ZKTeco,31.80,100,active,ZK-PFA151.webp
ZK-PFA152-E,ZK-PFA152-E,SOPORTE METALICO DE CAMARA PARA POSTE,CCTV,ZKTeco,21.20,100,active,ZK-PFA152-E.webp
HK-DS1602ZJ-CORNER,HK-DS1602ZJ-CORNER,SOPORTE METALICO P/ESQUINA PARA PTZ HIKVISION,CCTV,Hikvision,104.41,100,active,HK-DS1602ZJ-CORNER.webp
HK-DS1603ZJ-POLE-P,HK-DS1603ZJ-POLE-P,SOPORTE METALICO P/POSTE PARA PANOVU HIKVISION,CCTV,Hikvision,158.99,100,active,HK-DS1603ZJ-POLE-P.webp
HK-DS1602ZJ-POLE,HK-DS1602ZJ-POLE,SOPORTE METALICO P/POSTE PARA PTZ HIKVISION,CCTV,Hikvision,104.41,100,active,HK-DS1602ZJ-POLE.webp
HK-DS1284ZJ-M,HK-DS1284ZJ-M,SOPORTE  PARA CAMARA EXTERIOR,CCTV,Hikvision,593.59,100,active,HK-DS1284ZJ-M.webp
HY-BC08,HY-BC08,SOPORTE PLASTICO DE RADIO PARA CINTURON,RADIOS MOVILES,Hytera,15.91,100,active,HY-BC08.webp
HY-BC48,HY-BC48,SOPORTE PLASTICO DE RADIO PARA CINTURON P/BP516LF,RADIOS MOVILES,Hytera,10.60,100,active,HY-BC48.webp
HY-BC44,HY-BC44,SOPORTE PLASTICO DE RADIO PARA CINTURON P/PNC360S/380,RADIOS MOVILES,Hytera,10.60,100,active,HY-BC44.webp
HY-BC51,HY-BC51,SOPORTE PLASTICO DE RADIO PARA CINTURON P/PNC360S/PNC380,RADIOS MOVILES,Hytera,15.91,100,active,HY-BC51.webp
HK-DS1602ZJ,HK-DS1602ZJ,SOPORTE P/PARED METAL BLANCO P/PTZ HIKVISION,CCTV,Hikvision,60.27,100,active,HK-DS1602ZJ.webp
ZK-LMB-180L,ZK-LMB-180L,SOPORTE TIPO L PARA CERRADURA ZK-LM-1805,CONTROL ACCESO Y ASISTENCIA,ZKTeco,19.44,100,active,ZK-LMB-180L.webp
ZK-LMB-280L,ZK-LMB-280L,"SOPORTE TIPO ""L"""""""" PARA CERRADURA ZK-LM-2805""""""",CONTROL ACCESO Y ASISTENCIA,ZKTeco,21.89,100,active,ZK-LMB-280L.webp
ZK-LMB-180U,ZK-LMB-180U,SOPORTE TIPO U PARA CERRADURA ZK-LM-1805,CONTROL ACCESO Y ASISTENCIA,ZKTeco,18.23,100,active,ZK-LMB-180U.webp
ZK-LMB-280U,ZK-LMB-280U,SOPORTE TIPO U PARA CERRADURA ZK-LM-2805,CONTROL ACCESO Y ASISTENCIA,ZKTeco,21.89,100,active,ZK-LMB-280U.webp
ZK-LMB-180Z,ZK-LMB-180Z,SOPORTE TIPO Z PARA CERRADURA ZK-LM-1805,CONTROL ACCESO Y ASISTENCIA,ZKTeco,25.48,100,active,ZK-LMB-180Z.webp
ZK-LMB-280Z,ZK-LMB-280Z,SOPORTE TIPO Z PARA CERRADURA ZK-LM-2805,CONTROL ACCESO Y ASISTENCIA,ZKTeco,32.33,100,active,ZK-LMB-280Z.webp
ZK-AL180PZ,ZK-AL180PZ,SOPORTE TIPO Z PARA ZK-AL180,CONTROL ACCESO Y ASISTENCIA,ZKTeco,29.68,100,active,ZK-AL180PZ.webp
ZK-UHF-PARKINGTAG,ZK-UHF-PARKINGTAG,STICKER CONTROL DE ACCESO LARGA DISTANCIA,CONTROL ACCESO Y ASISTENCIA,ZKTeco,4.51,100,active,ZK-UHF-PARKINGTAG.webp
FZ-FSP-10UN,FZ-FSP-10UN,SUPRESOR DE PICOS 10 TOMAS NEMA4 - 220V,"FUENTES, TRANSFORMADORES Y UPS",Forza,55.22,100,active,FZ-FSP-10UN.webp
FZ-FSP-512USBW,FZ-FSP-512USBW,SUPRESOR DE PICOS 5 TOMAS NEMA4 Y 2 USB - 220V (BLANCO),"FUENTES, TRANSFORMADORES Y UPS",Forza,66.25,100,active,FZ-FSP-512USBW.webp
FZ-FSP-06MN,FZ-FSP-06MN,SUPRESOR DE PICOS 6 TOMAS Nema 5-15R universal Â - 220V,"FUENTES, TRANSFORMADORES Y UPS",Forza,57.77,100,active,FZ-FSP-06MN.webp
TP-TL-SG1210P,TP-TL-SG1210P,SWITCH 10P GIGABIT CON 8P POE +,NETWORKING,TP-Link,358.55,100,active,TP-TL-SG1210P.webp
TP-TL-SG2210MP,TP-TL-SG2210MP,SWITCH 10P GIGABIT CON 8P POE+,NETWORKING,TP-Link,640.99,100,active,TP-TL-SG2210MP.webp
TP-TL-SG1210MP,TP-TL-SG1210MP,SWITCH 10P GIGABIT CON 8P POE+ DESKTOP,NETWORKING,TP-Link,521.09,100,active,TP-TL-SG1210MP.webp
TP-TL-SF1016D,TP-TL-SF1016D,SWITCH 16P 10/100MBPS. CASE PLASTICO,NETWORKING,TP-Link,95.51,100,active,TP-TL-SF1016D.webp
TP-TL-SG1016D,TP-TL-SG1016D,"SWITCH 16P GIGABIT. CASE RACKEABLE 13"" 1U""""""",NETWORKING,TP-Link,260.55,100,active,TP-TL-SG1016D.webp
TP-TL-SG1016PE,TP-TL-SG1016PE,SWITCH 16P GIGABIT EASY SMART CON 8P POE +,NETWORKING,TP-Link,619.10,100,active,TP-TL-SG1016PE.webp
TP-TL-SG1218MP,TP-TL-SG1218MP,SWITCH 18P GIGABIT CON 16P POE+,NETWORKING,TP-Link,846.78,100,active,TP-TL-SG1218MP.webp
TP-TL-SF1024,TP-TL-SF1024,SWITCH 24P 10/100MBPS,NETWORKING,TP-Link,221.32,100,active,TP-TL-SF1024.webp
TP-TL-SF1024D,TP-TL-SF1024D,"SWITCH 24P 10/100MBPS. CASE RACKEABLE 13"" 1U""""""",NETWORKING,TP-Link,195.40,100,active,TP-TL-SF1024D.webp
TP-TL-SG1024D,TP-TL-SG1024D,"SWITCH 24P GIGABIT. CASE RACKEABLE 13"" 1U""""""",NETWORKING,TP-Link,358.55,100,active,TP-TL-SG1024D.webp
TP-TL-SG3428MP,TP-TL-SG3428MP,SWITCH 28P GIGABIT ADM CON 24P POE+,NETWORKING,TP-Link,1618.41,100,active,TP-TL-SG3428MP.webp
TP-TL-SG2428P,TP-TL-SG2428P,SWITCH 28P GIGABIT ADMIN CON 24P POE+,NETWORKING,TP-Link,1227.58,100,active,TP-TL-SG2428P.webp
TP-TL-SG1048,TP-TL-SG1048,"SWITCH 48P GIGABITE. CASE RACKEABLE 13"" 1U""""""",NETWORKING,TP-Link,1009.91,100,active,TP-TL-SG1048.webp
TP-TL-SF1005D,TP-TL-SF1005D,SWITCH 5P 10/100MBPS. CASE PLASTICO,NETWORKING,TP-Link,37.95,100,active,TP-TL-SF1005D.webp
TP-LS1005G,TP-LS1005G,SWITCH 5P GIGABIT,NETWORKING,TP-Link,46.16,100,active,TP-LS1005G.webp
TP-TL-SG1005P,TP-TL-SG1005P,SWITCH 5P GIGABIT 4POE. CASE PLASTICO,NETWORKING,TP-Link,175.80,100,active,TP-TL-SG1005P.webp
TP-TL-SG105,TP-TL-SG105,SWITCH 5P GIGABIT. CASE METALICO,NETWORKING,TP-Link,65.13,100,active,TP-TL-SG105.webp
TP-TL-SG1005D,TP-TL-SG1005D,SWITCH 5P GIGABIT. CASE PLASTICO,NETWORKING,TP-Link,55.66,100,active,TP-TL-SG1005D.webp
TP-TL-SF1006P,TP-TL-SF1006P,SWITCH 6P 10/100MBPS 4P POE +,NETWORKING,TP-Link,175.80,100,active,TP-TL-SF1006P.webp
TP-TL-SF1008D,TP-TL-SF1008D,SWITCH 8P 10/100MBPS. CASE PLASTICO,NETWORKING,TP-Link,45.53,100,active,TP-TL-SF1008D.webp
TP-TL-SG1008P,TP-TL-SG1008P,SWITCH 8P GIGABIT 4POE. CASE PLASTICO,NETWORKING,TP-Link,215.03,100,active,TP-TL-SG1008P.webp
TP-TL-SG1008MP,TP-TL-SG1008MP,SWITCH 8P GIGABIT 8POE+,NETWORKING,TP-Link,424.31,100,active,TP-TL-SG1008MP.webp
TP-TL-SG108,TP-TL-SG108,SWITCH 8P GIGABIT. CASE METALICO,NETWORKING,TP-Link,104.36,100,active,TP-TL-SG108.webp
TP-TL-SG3210,TP-TL-SG3210,SWITCH 8P GIGABIT L2+ ADM CON 2 SFP SLOTS,CCTV,TP-Link,445.21,100,active,TP-TL-SG3210.webp
TP-TL-SG2210P,TP-TL-SG2210P,SWITCH 8P GIGABIT POE+ CON 2 SFP SLOTS,NETWORKING,TP-Link,472.02,100,active,TP-TL-SG2210P.webp
TP-TL-SG2008P,TP-TL-SG2008P,SWITCH 8P GIGABIT SMART SWITCH,NETWORKING,TP-Link,438.64,100,active,TP-TL-SG2008P.webp
TP-TL-SF1009P,TP-TL-SF1009P,SWITCH 9P 10/100MBPS 8P POE +,NETWORKING,TP-Link,208.71,100,active,TP-TL-SF1009P.webp
HK-DS-3E1518P-EI,HK-DS-3E1518P-EI,SWITCH ADMINIS 16 POE ALL 1000M (1G) + 1 UP RJ45 (1G) + 1 UP SFP (1G) - 230W,NETWORKING,Hikvision,720.80,100,active,HK-DS-3E1518P-EI.webp
HK-DS-3E1518P-SI,HK-DS-3E1518P-SI,SWITCH ADMINIS 16 POE ALL 1000M (1G) + 2 UP SFP (1G) - PROYECTOS,NETWORKING,Hikvision,969.90,100,active,HK-DS-3E1518P-SI.webp
HK-DS-3E1526P-EI/M,HK-DS-3E1526P-EI/M,SWITCH ADMINIS 24 POE ALL 1000M (1G) + 1 UP RJ45 (1G) + 1 UP SFP (1G) - 230W BAJO CONSUMO,NETWORKING,Hikvision,916.90,100,active,HK-DS-3E1526P-EIM.webp
HK-DS-3E1526P-EI,HK-DS-3E1526P-EI,SWITCH ADMINIS 24 POE ALL 1000M (1G) + 1 UP RJ45 (1G) + 1 UP SFP (1G) - 370W,NETWORKING,Hikvision,1219.00,100,active,HK-DS-3E1526P-EI.webp
HK-DS-3E1526P-SI,HK-DS-3E1526P-SI,SWITCH ADMINIS 24 POE ALL 1000M (1G) + 2 UP SFP (1G) - PROYECTOS,NETWORKING,Hikvision,1457.49,100,active,HK-DS-3E1526P-SI.webp
HK-DS-3E1505P-EI/M,HK-DS-3E1505P-EI/M,SWITCH ADMINIS 4 POE ALL 1000M (1G) + 1 UP RJ45 GIGABITE - 45W - BAJO CONSUMO,NETWORKING,Hikvision,130.91,100,active,HK-DS-3E1505P-EIM.webp
HK-DS-3E1505P-EI,HK-DS-3E1505P-EI,SWITCH ADMINIS 4 POE ALL 1000M (1G) + 1 UP RJ45 GIGABITE - 60W,NETWORKING,Hikvision,170.23,100,active,HK-DS-3E1505P-EI.webp
HK-DS-3E1105P-EI/M,HK-DS-3E1105P-EI/M,SWITCH ADMINIS 4 POE ALL 100M + 1 UP RJ45 GIGABITE - BAJO CONSUMO,NETWORKING,Hikvision,114.59,100,active,HK-DS-3E1105P-EIM.webp
HK-DS-3E1510P-SI,HK-DS-3E1510P-SI,SWITCH ADMINIS 8 POE ALL 1000M (1G) + 2 UP FIBRA OPTICA GIGABITE - PROYECTOS,NETWORKING,Hikvision,591.01,100,active,HK-DS-3E1510P-SI.webp
HK-DS-3E1510P-EI,HK-DS-3E1510P-EI,SWITCH ADMINIS 8 POE ALL 1000M (1G) + 2 UP RJ45 GIGABITE - 110W,NETWORKING,Hikvision,344.50,100,active,HK-DS-3E1510P-EI.webp
HK-DS-3E1309P-EI/M,HK-DS-3E1309P-EI/M,SWITCH ADMINIS 8 POE MIX 100M + 1 UP RJ45 GIGABITE - BAJO CONSUMO,NETWORKING,Hikvision,186.62,100,active,HK-DS-3E1309P-EIM.webp
HK-DS-3E1310P-EI/M,HK-DS-3E1310P-EI/M,SWITCH ADMINIS 8 POE MIX 100M + 2 UP RJ45 GIGABITE - BAJO CONSUMO,NETWORKING,Hikvision,224.24,100,active,HK-DS-3E1310P-EIM.webp
HK-DS-3E0106HP-E,HK-DS-3E0106HP-E,SWITCH NO ADMINIS 4 POE ALL 100M + 2 UP RJ45 GIGABITE - 1Â° P HI-POE 60W,NETWORKING,Hikvision,151.48,100,active,HK-DS-3E0106HP-E.webp
TP-SX3016F,TP-SX3016F,SWITCH OMADA 16P 10GE SFP+ ADMIN L2+,NETWORKING,TP-Link,2090.47,100,active,TP-SX3016F.webp
TP-SG3428X,TP-SG3428X,SWITCH OMADA 24P ADMIN L2 GIGABIT CON 4 SLOTS 10GE SFP+,CCTV,TP-Link,1011.51,100,active,TP-SG3428X.webp
TP-SG3428XMP,TP-SG3428XMP,SWITCH OMADA 24P ADMIN L2 POE+ GIGABIT CON 4 SLOTS 10GE SFP+,CCTV,TP-Link,1820.76,100,active,TP-SG3428XMP.webp
TP-SG3428MP,TP-SG3428MP,SWITCH OMADA 28P ADMIN L2 POE+ GIGABIT CON 4 SLOTS SFP+,NETWORKING,TP-Link,1618.41,100,active,TP-SG3428MP.webp
TP-SG3452X,TP-SG3452X,SWITCH OMADA 48P ADMIN L2 GIGSBIT CON 4 SLOTS 10GE SFP+,CCTV,TP-Link,2090.47,100,active,TP-SG3452X.webp
TP-SG3452XP,TP-SG3452XP,SWITCH OMADA 48P ADMIN L2 POE+ GIGSBIT CON 4 SLOTS 10GE SFP+,NETWORKING,TP-Link,3101.98,100,active,TP-SG3452XP.webp
TP-SG3452P,TP-SG3452P,SWITCH OMADA 48P POE+ ADMIN L2 GIGABIT,CCTV,TP-Link,2721.60,100,active,TP-SG3452P.webp
HK-DS2SE2C200MWG-E/12,HK-DS2SE2C200MWG-E/12,"TANDEMVU PTZ IP 2"" 2MP 8MM + 2MP 2.8MM""""""",CCTV,Hikvision,312.70,100,active,HK-DS2SE2C200MWG-E12.webp
HK-DS2SE2C400MWG-E/14,HK-DS2SE2C400MWG-E/14,"TANDEMVU PTZ IP 2"" 4MP 8MM + 4MP 2.8MM""""""",CCTV,Hikvision,349.80,100,active,HK-DS2SE2C400MWG-E14.webp
HK-DS2SE3C204MWG-E/12,HK-DS2SE3C204MWG-E/12,"TANDEMVU PTZ IP 3"" 2MP 4X + 2MP 2.8MM""""""",CCTV,Hikvision,689.00,100,active,HK-DS2SE3C204MWG-E12.webp
HK-DS2SE3C404MWG-E/14,HK-DS2SE3C404MWG-E/14,"TANDEMVU PTZ IP 3"" 4MP 4X + 4MP 2.8MM""""""",CCTV,Hikvision,827.97,100,active,HK-DS2SE3C404MWG-E14.webp
HK-DS2SE4C425MWG-E,HK-DS2SE4C425MWG-E,"TANDEMVU PTZ IP 4"" 4MP 25X + 4MP 2.8MM""""""",CCTV,Hikvision,1808.15,100,active,HK-DS2SE4C425MWG-E.webp
HK-DS2SE7C432MW-AEB,HK-DS2SE7C432MW-AEB,"TANDEMVU PTZ IP 7"" 4MP 32X + 4MP 2.8MM""""""",CCTV,Hikvision,4234.70,100,active,HK-DS2SE7C432MW-AEB.webp
HK-DS2SF8C442MXG-L/14,HK-DS2SF8C442MXG-L/14,"TANDEMVU PTZ IP 8"" 4MP 42X DARKFIGHTER (2)""""""",CCTV,Hikvision,7944.69,100,active,HK-DS2SF8C442MXG-L14.webp
HK-DS2SF8C442MXG1-EL/14,HK-DS2SF8C442MXG1-EL/14,"TANDEMVU PTZ IP 8"" 4MP 42X DARKFIGHTER (3)""""""",CCTV,Hikvision,8808.58,100,active,HK-DS2SF8C442MXG1-EL14.webp
HK-DS-K7M101-E0,HK-DS-K7M101-E0,TARJETA DE PROXIMIDAD EM SIN CONTACTO,CONTROL ACCESO Y ASISTENCIA,Hikvision,2.65,100,active,HK-DS-K7M101-E0.webp
RS-TARJETA,RS-TARJETA,TARJETA DE PROXIMIDAD ID THICK CARD,CONTROL ACCESO Y ASISTENCIA,ZKTeco,1.27,100,active,RS-TARJETA.webp
ZK-TARJETA3,ZK-TARJETA3,TARJETA DE PROXIMIDAD IMPRIMIBLE ID THIN CARD,CONTROL ACCESO Y ASISTENCIA,ZKTeco,1.27,100,active,ZK-TARJETA3.webp
ZK-EX16,ZK-EX16,TARJETA EXPANSORA PARA 16 PISOS P/ACCESO,CONTROL ACCESO Y ASISTENCIA,ZKTeco,685.03,100,active,ZK-EX16.webp
ZK-MF-CRYSTAL-CARD,ZK-MF-CRYSTAL-CARD,TARJETA MIFARE PARA SMARTLOCKS,CONTROL ACCESO Y ASISTENCIA,ZKTeco,6.35,100,active,ZK-MF-CRYSTAL-CARD.webp
ZK-MFCARDS50,ZK-MFCARDS50,TARJETA MIFARE S50,CONTROL ACCESO Y ASISTENCIA,ZKTeco,6.35,100,active,ZK-MFCARDS50.webp
TP-TL-WN881ND,TP-TL-WN881ND,TARJETA PCI WIFI 300MBPS 2.4GHZ CON 2 ANTENA,NETWORKING,TP-Link,49.97,100,active,TP-TL-WN881ND.webp
HK-FM11RF08-M1,HK-FM11RF08-M1,TARJETA PROXIMIDAD MIFARE,CONTROL ACCESO Y ASISTENCIA,Hikvision,2.65,100,active,HK-FM11RF08-M1.webp
CS-T30-10A,CS-T30-10A,TOMACORRIENTE SMART,CCTV,EZVIZ,39.75,100,active,CS-T30-10A.webp
ZK-TS1022PRO,ZK-TS1022PRO,TORNIQUETE CON LECTORAS FR1200 Y CONTROL IINBIO260,CONTROL ACCESO Y ASISTENCIA,ZKTeco,3682.80,100,active,ZK-TS1022PRO.webp
ZK-TS1000PRO,ZK-TS1000PRO,TORNIQUETE DE ACCESO STANDARD 2,CONTROL ACCESO Y ASISTENCIA,ZKTeco,2226.00,100,active,ZK-TS1000PRO.webp
ZK-PSU22030-D,ZK-PSU22030-D,TRANSFORMADOR PARA PTZ 220V-24VAC/3AMP 60HZ,"FUENTES, TRANSFORMADORES Y UPS",ZKTeco,36.03,100,active,ZK-PSU22030-D.webp
HK-DS-2907ZJ,HK-DS-2907ZJ,TRIPODE PARA CAMARA TERMICA,CCTV,Hikvision,736.70,100,active,HK-DS-2907ZJ.webp
HK-DS2CE17D0T-IT5F,HK-DS2CE17D0T-IT5F,TUBO 2MP 1080P EXT CON IR 80M L3.6MM - 12VDC,CCTV,Hikvision,115.28,100,active,HK-DS2CE17D0T-IT5F.webp
HK-DS2CE17D0T-LFS,HK-DS2CE17D0T-LFS,TUBO 2MP SMART HYBRID LIGHT IR 40M 2.8MM C/AUDIO,CCTV,Hikvision,106.47,100,active,HK-DS2CE17D0T-LFS.webp
HK-DS2CE17D0T-LTS,HK-DS2CE17D0T-LTS,TUBO 2MP SMART HYBRID LIGHT IR 40M 2.8MM C/AUDIO 2 VIAS,CCTV,Hikvision,116.06,100,active,HK-DS2CE17D0T-LTS.webp
HK-DS2CE17D0T-LXTS,HK-DS2CE17D0T-LXTS,TUBO 2MP SMART HYBRID LIGHT IR 40M 2.8MM C/AUDIO 2 VIAS  Y SIRENA,CCTV,Hikvision,127.21,100,active,HK-DS2CE17D0T-LXTS.webp
HK-DS2CE16D0T-IRPF,HK-DS2CE16D0T-IRPF,TUBO 4 EN 1 1080P EXT CON IR 20M L2.8MM - 12VDC,CCTV,Hikvision,68.37,100,active,HK-DS2CE16D0T-IRPF.webp
HK-DS2CE17H0T-IT5F,HK-DS2CE17H0T-IT5F,TUBO 5MP EXT CON IR 80M L3.6MM - 12VDC,CCTV,Hikvision,150.73,100,active,HK-DS2CE17H0T-IT5F.webp
HK-DS2CE16C0T-IRPF,HK-DS2CE16C0T-IRPF,TUBO EXT 720P D/N IR 20M L2.8 - 12VDC,CCTV,Hikvision,49.23,100,active,HK-DS2CE16C0T-IRPF.webp
HK-DS2CD2023G2-LI2U,HK-DS2CD2023G2-LI2U,TUBO IP 2MP ACUSENSE SMART HYBRID LIGHT 2.8MM IR30M C/AUDIO,CCTV,Hikvision,397.81,100,active,HK-DS2CD2023G2-LI2U.webp
HK-DS2CD1623G2-LIZU,HK-DS2CD1623G2-LIZU,TUBO IP 2MP LENTE 2.8-12MM IR30M (3),CCTV,Hikvision,438.20,100,active,HK-DS2CD1623G2-LIZU.webp
HK-IDS-2CD7A46G0-IZHS,HK-IDS-2CD7A46G0-IZHS,TUBO IP 4MP 2.8-12MM,CCTV,Hikvision,2755.99,100,active,HK-IDS-2CD7A46G0-IZHS.webp
HK-DS2CD1643G2-LIZU,HK-DS2CD1643G2-LIZU,TUBO IP 4MP DUAL LIGHT 2.8-12MM IR 30 MTS,CCTV,Hikvision,501.39,100,active,HK-DS2CD1643G2-LIZU.webp
HK-DS2CD1043G2-LIU,HK-DS2CD1043G2-LIU,TUBO IP 4MP SMART HYBRID LIGHT 2.8MM CON IR Y AUDIO,CCTV,Hikvision,258.65,100,active,HK-DS2CD1043G2-LIU.webp
HK-DS2CD2083G2-LI2U,HK-DS2CD2083G2-LI2U,TUBO IP 8MP 4K ACUSENSE SMART HYBRID LIGHT 2.8MM CON IR Y AUDIO,CCTV,Hikvision,533.39,100,active,HK-DS2CD2083G2-LI2U.webp
HK-DS-2TD2636B-13/P,HK-DS-2TD2636B-13/P,TUBO IP TERMICO 13MM BI-SPECTRUM 3-5M,CCTV,Hikvision,5304.68,100,active,HK-DS-2TD2636B-13P.webp
HK-DS-2TD2637-25/QY,HK-DS-2TD2637-25/QY,TUBO IP TERMICO 25MM BI-SPECTRUM,CCTV,Hikvision,10637.09,100,active,HK-DS-2TD2637-25QY.webp
HK-DS-2TD2608-2/QA,HK-DS-2TD2608-2/QA,TUBO IP TERMICO BI-SPECTRUM 4MP 20-30M,CCTV,Hikvision,1147.77,100,active,HK-DS-2TD2608-2QA.webp
HK-DS-2TD2617-6/QA,HK-DS-2TD2617-6/QA,TUBO IP TERMICO BI-SPECTRUM 4MP 30-42M,CCTV,Hikvision,1523.44,100,active,HK-DS-2TD2617-6QA.webp
HK-DS-2TD2617-10/QA,HK-DS-2TD2617-10/QA,TUBO IP TERMICO BI-SPECTRUM 4MP 50-70M,CCTV,Hikvision,1662.56,100,active,HK-DS-2TD2617-10QA.webp
HK-DS2CE16K0T-LPTS,HK-DS2CE16K0T-LPTS,TURBO 8.0 BULLET 3K AUDIO 2 VIAS IR25M 2.8MM,CCTV,Hikvision,119.25,100,active,HK-DS2CE16K0T-LPTS.webp
HK-DS2CE19K0T-LTS,HK-DS2CE19K0T-LTS,TURBO 8.0 BULLET 3K AUDIO 2 VIAS IR80M 6MM,CCTV,Hikvision,203.57,100,active,HK-DS2CE19K0T-LTS.webp
HK-DS2CE16K0T-LPXTS,HK-DS2CE16K0T-LPXTS,TURBO 8.0 BULLET 3K AUDIO 2 VIAS & SIRENA IR25M 2.8MM,CCTV,Hikvision,137.27,100,active,HK-DS2CE16K0T-LPXTS.webp
HK-DS2CE19K0T-LXTS,HK-DS2CE19K0T-LXTS,TURBO 8.0 BULLET 3K AUDIO 2 VIAS & SIRENA IR80M 6MM,CCTV,Hikvision,223.67,100,active,HK-DS2CE19K0T-LXTS.webp
HK-DS2CE78K0T-LTS,HK-DS2CE78K0T-LTS,TURBO 8.0 TURRET FIJA 3K AUDIO 2 VIAS IR25M 2.8MM,CCTV,Hikvision,145.74,100,active,HK-DS2CE78K0T-LTS.webp
HK-DS2CE78K0T-LXTS,HK-DS2CE78K0T-LXTS,TURBO 8.0 TURRET FIJA 3K AUDIO 2 VIAS & SIRENA IR25M 2.8MM,CCTV,Hikvision,163.24,100,active,HK-DS2CE78K0T-LXTS.webp
HK-DS2CE70K0T-PTLTS,HK-DS2CE70K0T-PTLTS,TURBO 8.0 TURRET PT 3K AUDIO 2 VIAS IR25M 2.8MM,CCTV,Hikvision,155.81,100,active,HK-DS2CE70K0T-PTLTS.webp
HK-DS2CE70K0T-PTLXTS,HK-DS2CE70K0T-PTLXTS,TURBO 8.0 TURRET PT 3K AUDIO 2 VIAS & SIRENA IR25M 2.8MM,CCTV,Hikvision,173.31,100,active,HK-DS2CE70K0T-PTLXTS.webp
HK-DS2CE79D0T-VFIT3F,HK-DS2CE79D0T-VFIT3F,TURRET 1080P  IR40M 2.8-12MM,CCTV,Hikvision,174.26,100,active,HK-DS2CE79D0T-VFIT3F.webp
HK-DS2CE70DF0T-LPFS,HK-DS2CE70DF0T-LPFS,TURRET 2MP COLORVU SMART HYBRID LIGHT IR 20M 2.8MM C /AUDIO,CCTV,Hikvision,105.73,100,active,HK-DS2CE70DF0T-LPFS.webp
HK-DS2CE76D0T-LPFS,HK-DS2CE76D0T-LPFS,TURRET 2MP SMART HYBRID LIGHT IR 20M 2.8MM C/AUDIO,CCTV,Hikvision,81.20,100,active,HK-DS2CE76D0T-LPFS.webp
HK-DS2CE78D0T-LTS,HK-DS2CE78D0T-LTS,TURRET 2MP SMART HYBRID LIGHT IR 40M 2.8MM AUDIO 2 VIAS,CCTV,Hikvision,108.02,100,active,HK-DS2CE78D0T-LTS.webp
HK-DS2CE78D0T-LXTS,HK-DS2CE78D0T-LXTS,TURRET 2MP SMART HYBRID LIGHT IR 40M 2.8MM C/AUDIO 2 VIAS Y ALARMA,CCTV,Hikvision,117.87,100,active,HK-DS2CE78D0T-LXTS.webp
HK-DS2CE72KF3TP,HK-DS2CE72KF3TP,TURRET 3K 180Â° COLORVU DOBLE LENTE,CCTV,Hikvision,402.80,100,active,HK-DS2CE72KF3TP.webp
HK-DS2CE76K0T-LPFS,HK-DS2CE76K0T-LPFS,TURRET 5MP 3K SMART HYBRID LIGHT IR 20M 2.8MM C/AUDIO,CCTV,Hikvision,104.68,100,active,HK-DS2CE76K0T-LPFS.webp
HK-DS2CE70KF0T-LPFS,HK-DS2CE70KF0T-LPFS,TURRET 5MP COLORVU SMART HYBRID LIGHT IR 20M 2.8MM C/AUDIO,CCTV,Hikvision,134.20,100,active,HK-DS2CE70KF0T-LPFS.webp
HK-DS2CE76U0T-LPF,HK-DS2CE76U0T-LPF,TURRET 8MP 4K EXTERIOIR IR 30M 2.8MM (2),CCTV,Hikvision,129.46,100,active,HK-DS2CE76U0T-LPF.webp
HK-DS2CD1323G2-LIU,HK-DS2CD1323G2-LIU,TURRET IP 2MP SMART HYBRID LIGHT 2.8MM D-WDR IP67 CON IR Y AUDIO,CCTV,Hikvision,176.76,100,active,HK-DS2CD1323G2-LIU.webp
HK-DS2CD1367G2HP-LIUF/SRB,HK-DS2CD1367G2HP-LIUF/SRB,TURRET IP DOBLE LENTE 180Â° 6MP 2.8MM SMART HYBRID LIGHT IR30M,CCTV,Hikvision,516.75,100,active,HK-DS2CD1367G2HP-LIUFSRB.webp
FZ-HT-752LCD,FZ-HT-752LCD,UPS 10 TOMAS 220V / 750VA / 450W. 2 USB,"FUENTES, TRANSFORMADORES Y UPS",Forza,249.56,100,active,FZ-HT-752LCD.webp
HK-DS-UPS1000,HK-DS-UPS1000,UPS 4 TOMAS 1000VA / 600WATTS - 220V,"FUENTES, TRANSFORMADORES Y UPS",Hikvision,242.27,100,active,HK-DS-UPS1000.webp
HK-DS-UPS600,HK-DS-UPS600,UPS 4 TOMAS 600VA / 360WATTS - 220V,"FUENTES, TRANSFORMADORES Y UPS",Hikvision,157.14,100,active,HK-DS-UPS600.webp
HK-DS-UPS2000,HK-DS-UPS2000,UPS 6 TOMAS 2000VA / 1200WATTS - 220VAC,"FUENTES, TRANSFORMADORES Y UPS",Hikvision,589.35,100,active,HK-DS-UPS2000.webp
FZ-NT-1012U,FZ-NT-1012U,UPS 6 TOMAS 220V /1000VA/500W,"FUENTES, TRANSFORMADORES Y UPS",Forza,312.18,100,active,FZ-NT-1012U.webp
FZ-NT-512U,FZ-NT-512U,UPS 6 TOMAS 220V / 500VA/250W,"FUENTES, TRANSFORMADORES Y UPS",Forza,193.81,100,active,FZ-NT-512U.webp
FZ-NT-752U,FZ-NT-752U,UPS 6 TOMAS 220V / 750VA/375W,"FUENTES, TRANSFORMADORES Y UPS",Forza,211.87,100,active,FZ-NT-752U.webp
HK-DS-UPS3000,HK-DS-UPS3000,UPS 6 TOMAS 3000VA / 1800WATTS - 220VAC,"FUENTES, TRANSFORMADORES Y UPS",Hikvision,916.90,100,active,HK-DS-UPS3000.webp
FZ-FDC-1502R,FZ-FDC-1502R,UPS ON-LINE 1.5KVA 4 TOMAS 1500VA / 1350W 220V  40-70HZ,"FUENTES, TRANSFORMADORES Y UPS",Forza,1971.59,100,active,FZ-FDC-1502R.webp
FZ-FDC-3002R,FZ-FDC-3002R,UPS ON-LINE 3KVA 6 TOMAS 3000VA / 2700W 220V  40-70HZ,"FUENTES, TRANSFORMADORES Y UPS",Forza,2877.90,100,active,FZ-FDC-3002R.webp
FZ-FDC-3012R-I,FZ-FDC-3012R-I,UPS ON-LINE 3KVA 6 TOMAS 3000VA / 3000W 220V  40-70HZ,"FUENTES, TRANSFORMADORES Y UPS",Forza,3704.69,100,active,FZ-FDC-3012R-I.webp
FZ-FDC-1002T,FZ-FDC-1002T,UPS ON-LINE 3 TOMAS 1000VA / 900W 220V 3-NEMA 40-70HZ,"FUENTES, TRANSFORMADORES Y UPS",Forza,1166.00,100,active,FZ-FDC-1002T.webp
FZ-FDC-2002T,FZ-FDC-2002T,UPS ON-LINE 4 TOMAS 2000VA / 1800W 220V 4-NEMA 40-70HZ,"FUENTES, TRANSFORMADORES Y UPS",Forza,2014.00,100,active,FZ-FDC-2002T.webp
FZ-FDC-203K-I,FZ-FDC-203K-I,UPS ON-LINE 8 TOMAS 3000VA / 3000W 220V  40-70HZ,"FUENTES, TRANSFORMADORES Y UPS",Forza,3137.59,100,active,FZ-FDC-203K-I.webp
ST-VENTILADOR,ST-VENTILADOR,VENTILADOR PLASTICO PARA GABINETE 2U,NETWORKING,Western Digital,112.72,100,active,ST-VENTILADOR.webp
ZK-CF500,ZK-CF500,VIDEO BALUN 4K (PAR),CCTV,ZKTeco,5.20,100,active,ZK-CF500.webp
CS-HP5-R100-1W2TFC,CS-HP5-R100-1W2TFC,"VIDEOPORTERO 7"" WIFI 2MP 2.4GHZ Y 5GHZ""""""",CCTV,EZVIZ,556.50,100,active,CS-HP5-R100-1W2TFC.webp
NEW-4000001,NEW-4000001,WALL PLATE 1 PUERTO,NETWORKING,NEWLINK,2.48,100,active,NEW-4000001.webp
NEW-4000002,NEW-4000002,WALL PLATE 2 PUERTOS,NETWORKING,NEWLINK,2.48,100,active,NEW-4000002.webp
HK-DS2CD2746G2-IZS,HK-DS2CD2746G2-IZS,XX DOMO IP 4MP ACUSENSE LENTE MOTORIZADO 2.8-12MM,CCTV,Hikvision,451.35,100,active,HK-DS2CD2746G2-IZS.webp
TP-ARCHER-AX55,TP-ARCHER-AX55,XX ROUTER AX3000 WI FI 6 (2),NETWORKING,TP-Link,390.82,100,active,TP-ARCHER-AX55.webp
TP-TL-WN781ND,TP-TL-WN781ND,XX TARJETA PCI WIFI 150MBPS 2.4GHZ CON 1 ANTENA,NETWORKING,TP-Link,25.97,100,active,TP-TL-WN781ND.webp
HK-DS2CD2626G2-IZS,HK-DS2CD2626G2-IZS,XX TUBO IP 2MP ACUSENSE 2.8-12MM CON AUDIO Y ALARMA,CCTV,Hikvision,662.50,100,active,HK-DS2CD2626G2-IZS.webp
HK-DS2CD2646G2-IZS,HK-DS2CD2646G2-IZS,XX TUBO IP 4MP ACUSENSE 2.8-12MM CON AUDIO Y ALARMA,CCTV,Hikvision,855.95,100,active,HK-DS2CD2646G2-IZS.webp
ZK-BGM1030R,ZK-BGM1030R,XXXX BARRERA VEHICULAR DERECHA BRAZO 3M (2),CONTROL ACCESO Y ASISTENCIA,ZKTeco,1908.00,100,active,ZK-BGM1030R.webp
ZK-BGM1060R,ZK-BGM1060R,XXXX BARRERA VEHICULAR DERECHA BRAZO 6M (2),CONTROL ACCESO Y ASISTENCIA,ZKTeco,2014.00,100,active,ZK-BGM1060R.webp
ZK-BGM1060L,ZK-BGM1060L,XXXX BARRERA VEHICULAR IZQUIERDA BRAZO 6 METROS (2),CCTV,ZKTeco,2014.00,100,active,ZK-BGM1060L.webp
HK-DS2CD1143G2-I,HK-DS2CD1143G2-I,XXXX DOMO IP CON IR EXTERIOR 4MP,CCTV,Hikvision,122.14,100,active,HK-DS2CD1143G2-I.webp
HK-IDS7204HTHI-M1/S,HK-IDS7204HTHI-M1/S,XXXX DVR 4CH 8MP 4K ACUSENSE HDMI 1HDD,CCTV,Hikvision,313.29,100,active,HK-IDS7204HTHI-M1S.webp
HK-iDS7204HUHI-M1/FA,HK-iDS7204HUHI-M1/FA,XXXX DVR 4CH ACUSENSE 5MP HDMI 1HDD C/RECONOC FACIAL,CCTV,Hikvision,238.95,100,active,HK-iDS7204HUHI-M1FA.webp
HK-IDS7208HUHI-M1/X,HK-IDS7208HUHI-M1/X,XXXX DVR 8CH 1080P ACUSENSE 1HDD CON ANALITICA,CCTV,Hikvision,524.70,100,active,HK-IDS7208HUHI-M1X.webp
CO-KABY,CO-KABY,ZOCALO AISLADOR DE BUCLE LYON,ALARMA INCENDIOS,Cofem,145.74,100,active,CO-KABY.webp
CO-A30XZR,CO-A30XZR,ZOCALO ALTO CON RELE LIBRE DE TENSION PARA SENSORE,ALARMA INCENDIOS,Cofem,21.20,100,active,CO-A30XZR.webp
CO-D50ZAL,CO-D50ZAL,ZOCALO ALTO PARA SENSORES A50/C50,ALARMA INCENDIOS,Cofem,10.33,100,active,CO-D50ZAL.webp
CO-D50ZO,CO-D50ZO,ZOCALO BAJO PARA SENSORES A50/C50,ALARMA INCENDIOS,Cofem,10.33,100,active,CO-D50ZO.webp
CO-A30XZSLDR,CO-A30XZSLDR,ZOCALO CON SIRENA Y ALARMA VISUAL DIRECCIONABLE,ALARMA INCENDIOS,Cofem,53.00,100,active,CO-A30XZSLDR.webp
CO-ZSCO,CO-ZSCO,ZOCALO PARA SENSORSE SCO Y SDN,ALARMA INCENDIOS,Cofem,15.91,100,active,CO-ZSCO.webp
